Date,Adj. Close,next1,next2,next3,next4,label
2010-06-29,23.89,23.83,21.96,19.2,16.11,15.8
2010-06-30,23.83,21.96,19.2,16.11,15.8,17.46
2010-07-01,21.96,19.2,16.11,15.8,17.46,17.4
2010-07-02,19.2,16.11,15.8,17.46,17.4,17.05
2010-07-06,16.11,15.8,17.46,17.4,17.05,18.14
2010-07-07,15.8,17.46,17.4,17.05,18.14,19.84
2010-07-08,17.46,17.4,17.05,18.14,19.84,19.89
2010-07-09,17.4,17.05,18.14,19.84,19.89,20.64
2010-07-12,17.05,18.14,19.84,19.89,20.64,21.91
2010-07-13,18.14,19.84,19.89,20.64,21.91,20.3
2010-07-14,19.84,19.89,20.64,21.91,20.3,20.22
2010-07-15,19.89,20.64,21.91,20.3,20.22,21.0
2010-07-16,20.64,21.91,20.3,20.22,21.0,21.29
2010-07-19,21.91,20.3,20.22,21.0,21.29,20.95
2010-07-20,20.3,20.22,21.0,21.29,20.95,20.55
2010-07-21,20.22,21.0,21.29,20.95,20.55,20.72
2010-07-22,21.0,21.29,20.95,20.55,20.72,20.35
2010-07-23,21.29,20.95,20.55,20.72,20.35,19.94
2010-07-26,20.95,20.55,20.72,20.35,19.94,20.92
2010-07-27,20.55,20.72,20.35,19.94,20.92,21.95
2010-07-28,20.72,20.35,19.94,20.92,21.95,21.26
2010-07-29,20.35,19.94,20.92,21.95,21.26,20.45
2010-07-30,19.94,20.92,21.95,21.26,20.45,19.59
2010-08-02,20.92,21.95,21.26,20.45,19.59,19.6
2010-08-03,21.95,21.26,20.45,19.59,19.6,19.03
2010-08-04,21.26,20.45,19.59,19.6,19.03,17.9
2010-08-05,20.45,19.59,19.6,19.03,17.9,17.6
2010-08-06,19.59,19.6,19.03,17.9,17.6,18.32
2010-08-09,19.6,19.03,17.9,17.6,18.32,18.78
2010-08-10,19.03,17.9,17.6,18.32,18.78,19.15
2010-08-11,17.9,17.6,18.32,18.78,19.15,18.77
2010-08-12,17.6,18.32,18.78,19.15,18.77,18.79
2010-08-13,18.32,18.78,19.15,18.77,18.79,19.1
2010-08-16,18.78,19.15,18.77,18.79,19.1,20.13
2010-08-17,19.15,18.77,18.79,19.1,20.13,19.2
2010-08-18,18.77,18.79,19.1,20.13,19.2,19.9
2010-08-19,18.79,19.1,20.13,19.2,19.9,19.75
2010-08-20,19.1,20.13,19.2,19.9,19.75,19.7
2010-08-23,20.13,19.2,19.9,19.75,19.7,19.87
2010-08-24,19.2,19.9,19.75,19.7,19.87,19.48
2010-08-25,19.9,19.75,19.7,19.87,19.48,20.45
2010-08-26,19.75,19.7,19.87,19.48,20.45,21.06
2010-08-27,19.7,19.87,19.48,20.45,21.06,21.05
2010-08-30,19.87,19.48,20.45,21.06,21.05,20.54
2010-08-31,19.48,20.45,21.06,21.05,20.54,20.9
2010-09-01,20.45,21.06,21.05,20.54,20.9,20.71
2010-09-02,21.06,21.05,20.54,20.9,20.71,20.17
2010-09-03,21.05,20.54,20.9,20.71,20.17,20.72
2010-09-07,20.54,20.9,20.71,20.17,20.72,21.12
2010-09-08,20.9,20.71,20.17,20.72,21.12,21.98
2010-09-09,20.71,20.17,20.72,21.12,21.98,20.94
2010-09-10,20.17,20.72,21.12,21.98,20.94,20.23
2010-09-13,20.72,21.12,21.98,20.94,20.23,21.055
2010-09-14,21.12,21.98,20.94,20.23,21.055,20.77
2010-09-15,21.98,20.94,20.23,21.055,20.77,19.87
2010-09-16,20.94,20.23,21.055,20.77,19.87,19.56
2010-09-17,20.23,21.055,20.77,19.87,19.56,20.1
2010-09-20,21.055,20.77,19.87,19.56,20.1,20.53
2010-09-21,20.77,19.87,19.56,20.1,20.53,21.4
2010-09-22,19.87,19.56,20.1,20.53,21.4,21.98
2010-09-23,19.56,20.1,20.53,21.4,21.98,20.405
2010-09-24,20.1,20.53,21.4,21.98,20.405,20.6
2010-09-27,20.53,21.4,21.98,20.405,20.6,20.99
2010-09-28,21.4,21.98,20.405,20.6,20.99,21.12
2010-09-29,21.98,20.405,20.6,20.99,21.12,20.46
2010-09-30,20.405,20.6,20.99,21.12,20.46,20.43
2010-10-01,20.6,20.99,21.12,20.46,20.43,20.43
2010-10-04,20.99,21.12,20.46,20.43,20.43,20.24
2010-10-05,21.12,20.46,20.43,20.43,20.24,20.24
2010-10-06,20.46,20.43,20.43,20.24,20.24,20.54
2010-10-07,20.43,20.43,20.24,20.24,20.54,20.75
2010-10-08,20.43,20.24,20.24,20.54,20.75,20.54
2010-10-11,20.24,20.24,20.54,20.75,20.54,20.23
2010-10-12,20.24,20.54,20.75,20.54,20.23,20.05
2010-10-13,20.54,20.75,20.54,20.23,20.05,20.65
2010-10-14,20.75,20.54,20.23,20.05,20.65,20.75
2010-10-15,20.54,20.23,20.05,20.65,20.75,20.72
2010-10-18,20.23,20.05,20.65,20.75,20.72,20.85
2010-10-19,20.05,20.65,20.75,20.72,20.85,21.36
2010-10-20,20.65,20.75,20.72,20.85,21.36,21.0
2010-10-21,20.75,20.72,20.85,21.36,21.0,21.19
2010-10-22,20.72,20.85,21.36,21.0,21.19,21.84
2010-10-25,20.85,21.36,21.0,21.19,21.84,21.41
2010-10-26,21.36,21.0,21.19,21.84,21.41,21.25
2010-10-27,21.0,21.19,21.84,21.41,21.25,21.77
2010-10-28,21.19,21.84,21.41,21.25,21.77,24.9
2010-10-29,21.84,21.41,21.25,21.77,24.9,24.44
2010-11-01,21.41,21.25,21.77,24.9,24.44,24.98
2010-11-02,21.25,21.77,24.9,24.44,24.98,24.63
2010-11-03,21.77,24.9,24.44,24.98,24.63,29.36
2010-11-04,24.9,24.44,24.98,24.63,29.36,28.035
2010-11-05,24.44,24.98,24.63,29.36,28.035,29.84
2010-11-08,24.98,24.63,29.36,28.035,29.84,30.8
2010-11-09,24.63,29.36,28.035,29.84,30.8,29.67
2010-11-10,29.36,28.035,29.84,30.8,29.67,29.49
2010-11-11,28.035,29.84,30.8,29.67,29.49,29.89
2010-11-12,29.84,30.8,29.67,29.49,29.89,30.99
2010-11-15,30.8,29.67,29.49,29.89,30.99,33.4
2010-11-16,29.67,29.49,29.89,30.99,33.4,34.57
2010-11-17,29.49,29.89,30.99,33.4,34.57,35.47
2010-11-18,29.89,30.99,33.4,34.57,35.47,35.32
2010-11-19,30.99,33.4,34.57,35.47,35.32,34.33
2010-11-22,33.4,34.57,35.47,35.32,34.33,35.33
2010-11-23,34.57,35.47,35.32,34.33,35.33,34.35
2010-11-24,35.47,35.32,34.33,35.33,34.35,32.35
2010-11-26,35.32,34.33,35.33,34.35,32.35,31.49
2010-11-29,34.33,35.33,34.35,32.35,31.49,30.31
2010-11-30,35.33,34.35,32.35,31.49,30.31,31.56
2010-12-01,34.35,32.35,31.49,30.31,31.56,32.37
2010-12-02,32.35,31.49,30.31,31.56,32.37,32.05
2010-12-03,31.49,30.31,31.56,32.37,32.05,31.52
2010-12-06,30.31,31.56,32.37,32.05,31.52,30.55
2010-12-07,31.56,32.37,32.05,31.52,30.55,28.53
2010-12-08,32.37,32.05,31.52,30.55,28.53,29.6
2010-12-09,32.05,31.52,30.55,28.53,29.6,30.81
2010-12-10,31.52,30.55,28.53,29.6,30.81,31.36
2010-12-13,30.55,28.53,29.6,30.81,31.36,31.7
2010-12-14,28.53,29.6,30.81,31.36,31.7,32.26
2010-12-15,29.6,30.81,31.36,31.7,32.26,32.63
2010-12-16,30.81,31.36,31.7,32.26,32.63,30.09
2010-12-17,31.36,31.7,32.26,32.63,30.09,25.549
2010-12-20,31.7,32.26,32.63,30.09,25.549,26.41
2010-12-21,32.26,32.63,30.09,25.549,26.41,27.73
2010-12-22,32.63,30.09,25.549,26.41,27.73,26.5
2010-12-23,30.09,25.549,26.41,27.73,26.5,26.63
2010-12-27,25.549,26.41,27.73,26.5,26.63,26.62
2010-12-28,26.41,27.73,26.5,26.63,26.62,26.67
2010-12-29,27.73,26.5,26.63,26.62,26.67,26.83
2010-12-30,26.5,26.63,26.62,26.67,26.83,27.88
2010-12-31,26.63,26.62,26.67,26.83,27.88,28.24
2011-01-03,26.62,26.67,26.83,27.88,28.24,28.45
2011-01-04,26.67,26.83,27.88,28.24,28.45,26.96
2011-01-05,26.83,27.88,28.24,28.45,26.96,26.96
2011-01-06,27.88,28.24,28.45,26.96,26.96,26.22
2011-01-07,28.24,28.45,26.96,26.96,26.22,25.75
2011-01-10,28.45,26.96,26.96,26.22,25.75,25.64
2011-01-11,26.96,26.96,26.22,25.75,25.64,24.03
2011-01-12,26.96,26.22,25.75,25.64,24.03,22.62
2011-01-13,26.22,25.75,25.64,24.03,22.62,23.04
2011-01-14,25.75,25.64,24.03,22.62,23.04,24.49
2011-01-18,25.64,24.03,22.62,23.04,24.49,24.68
2011-01-19,24.03,22.62,23.04,24.49,24.68,24.75
2011-01-20,22.62,23.04,24.49,24.68,24.75,24.92
2011-01-21,23.04,24.49,24.68,24.75,24.92,24.01
2011-01-24,24.49,24.68,24.75,24.92,24.01,24.1
2011-01-25,24.68,24.75,24.92,24.01,24.1,23.91
2011-01-26,24.75,24.92,24.01,24.1,23.91,23.94
2011-01-27,24.92,24.01,24.1,23.91,23.94,23.63
2011-01-28,24.01,24.1,23.91,23.94,23.63,23.46
2011-01-31,24.1,23.91,23.94,23.63,23.46,23.07
2011-02-01,23.91,23.94,23.63,23.46,23.07,24.49
2011-02-02,23.94,23.63,23.46,23.07,24.49,23.21
2011-02-03,23.63,23.46,23.07,24.49,23.21,23.215
2011-02-04,23.46,23.07,24.49,23.21,23.215,23.25
2011-02-07,23.07,24.49,23.21,23.215,23.25,23.08
2011-02-08,24.49,23.21,23.215,23.25,23.08,22.84
2011-02-09,23.21,23.215,23.25,23.08,22.84,24.73
2011-02-10,23.215,23.25,23.08,22.84,24.73,23.6
2011-02-11,23.25,23.08,22.84,24.73,23.6,23.18
2011-02-14,23.08,22.84,24.73,23.6,23.18,21.87
2011-02-15,22.84,24.73,23.6,23.18,21.87,21.83
2011-02-16,24.73,23.6,23.18,21.87,21.83,22.53
2011-02-17,23.6,23.18,21.87,21.83,22.53,23.61
2011-02-18,23.18,21.87,21.83,22.53,23.61,23.89
2011-02-22,21.87,21.83,22.53,23.61,23.89,23.94
2011-02-23,21.83,22.53,23.61,23.89,23.94,24.02
2011-02-24,22.53,23.61,23.89,23.94,24.02,24.36
2011-02-25,23.61,23.89,23.94,24.02,24.36,24.95
2011-02-28,23.89,23.94,24.02,24.36,24.95,24.94
2011-03-01,23.94,24.02,24.36,24.95,24.94,24.66
2011-03-02,24.02,24.36,24.95,24.94,24.66,24.72
2011-03-03,24.36,24.95,24.94,24.66,24.72,24.01
2011-03-04,24.95,24.94,24.66,24.72,24.01,24.07
2011-03-07,24.94,24.66,24.72,24.01,24.07,23.25
2011-03-08,24.66,24.72,24.01,24.07,23.25,22.95
2011-03-09,24.72,24.01,24.07,23.25,22.95,22.82
2011-03-10,24.01,24.07,23.25,22.95,22.82,22.81
2011-03-11,24.07,23.25,22.95,22.82,22.81,22.96
2011-03-14,23.25,22.95,22.82,22.81,22.96,22.73
2011-03-15,22.95,22.82,22.81,22.96,22.73,22.19
2011-03-16,22.82,22.81,22.96,22.73,22.19,22.21
2011-03-17,22.81,22.96,22.73,22.19,22.21,22.33
2011-03-18,22.96,22.73,22.19,22.21,22.33,22.75
2011-03-21,22.73,22.19,22.21,22.33,22.75,23.25
2011-03-22,22.19,22.21,22.33,22.75,23.25,23.92
2011-03-23,22.21,22.33,22.75,23.25,23.92,23.71
2011-03-24,22.33,22.75,23.25,23.92,23.71,27.75
2011-03-25,22.75,23.25,23.92,23.71,27.75,26.66
2011-03-28,23.25,23.92,23.71,27.75,26.66,25.83
2011-03-29,23.92,23.71,27.75,26.66,25.83,26.7
2011-03-30,23.71,27.75,26.66,25.83,26.7,26.49
2011-03-31,27.75,26.66,25.83,26.7,26.49,27.24
2011-04-01,26.66,25.83,26.7,26.49,27.24,26.49
2011-04-04,25.83,26.7,26.49,27.24,26.49,25.27
2011-04-05,26.7,26.49,27.24,26.49,25.27,24.65
2011-04-06,26.49,27.24,26.49,25.27,24.65,24.93
2011-04-07,27.24,26.49,25.27,24.65,24.93,25.14
2011-04-08,26.49,25.27,24.65,24.93,25.14,25.58
2011-04-11,25.27,24.65,24.93,25.14,25.58,25.03
2011-04-12,24.65,24.93,25.14,25.58,25.03,25.16
2011-04-13,24.93,25.14,25.58,25.03,25.16,25.75
2011-04-14,25.14,25.58,25.03,25.16,25.75,26.74
2011-04-15,25.58,25.03,25.16,25.75,26.74,26.39
2011-04-18,25.03,25.16,25.75,26.74,26.39,26.93
2011-04-19,25.16,25.75,26.74,26.39,26.93,27.08
2011-04-20,25.75,26.74,26.39,26.93,27.08,27.66
2011-04-21,26.74,26.39,26.93,27.08,27.66,27.6
2011-04-25,26.39,26.93,27.08,27.66,27.6,27.45
2011-04-26,26.93,27.08,27.66,27.6,27.45,26.87
2011-04-27,27.08,27.66,27.6,27.45,26.87,26.69
2011-04-28,27.66,27.6,27.45,26.87,26.69,26.44
2011-04-29,27.6,27.45,26.87,26.69,26.44,27.12
2011-05-02,27.45,26.87,26.69,26.44,27.12,27.91
2011-05-03,26.87,26.69,26.44,27.12,27.91,28.33
2011-05-04,26.69,26.44,27.12,27.91,28.33,27.07
2011-05-05,26.44,27.12,27.91,28.33,27.07,27.67
2011-05-06,27.12,27.91,28.33,27.07,27.67,27.55
2011-05-09,27.91,28.33,27.07,27.67,27.55,26.6
2011-05-10,28.33,27.07,27.67,27.55,26.6,25.96
2011-05-11,27.07,27.67,27.55,26.6,25.96,26.35
2011-05-12,27.67,27.55,26.6,25.96,26.35,28.2
2011-05-13,27.55,26.6,25.96,26.35,28.2,27.97
2011-05-16,26.6,25.96,26.35,28.2,27.97,26.82
2011-05-17,25.96,26.35,28.2,27.97,26.82,26.72
2011-05-18,26.35,28.2,27.97,26.82,26.72,28.98
2011-05-19,28.2,27.97,26.82,26.72,28.98,29.48
2011-05-20,27.97,26.82,26.72,28.98,29.48,29.55
2011-05-23,26.82,26.72,28.98,29.48,29.55,30.14
2011-05-24,26.72,28.98,29.48,29.55,30.14,28.517
2011-05-25,28.98,29.48,29.55,30.14,28.517,28.76
2011-05-26,29.48,29.55,30.14,28.517,28.76,30.13
2011-05-27,29.55,30.14,28.517,28.76,30.13,28.7
2011-05-31,30.14,28.517,28.76,30.13,28.7,28.37
2011-06-01,28.517,28.76,30.13,28.7,28.37,27.12
2011-06-02,28.76,30.13,28.7,28.37,27.12,27.62
2011-06-03,30.13,28.7,28.37,27.12,27.62,27.86
2011-06-06,28.7,28.37,27.12,27.62,27.86,28.43
2011-06-07,28.37,27.12,27.62,27.86,28.43,28.6
2011-06-08,27.12,27.62,27.86,28.43,28.6,27.32
2011-06-09,27.62,27.86,28.43,28.6,27.32,26.5
2011-06-10,27.86,28.43,28.6,27.32,26.5,26.5
2011-06-13,28.43,28.6,27.32,26.5,26.5,26.01
2011-06-14,28.6,27.32,26.5,26.5,26.01,27.53
2011-06-15,27.32,26.5,26.5,26.01,27.53,27.21
2011-06-16,26.5,26.5,26.01,27.53,27.21,27.71
2011-06-17,26.5,26.01,27.53,27.21,27.71,27.565
2011-06-20,26.01,27.53,27.21,27.71,27.565,27.46
2011-06-21,27.53,27.21,27.71,27.565,27.46,28.11
2011-06-22,27.21,27.71,27.565,27.46,28.11,28.29
2011-06-23,27.71,27.565,27.46,28.11,28.29,29.13
2011-06-24,27.565,27.46,28.11,28.29,29.13,29.02
2011-06-27,27.46,28.11,28.29,29.13,29.02,29.14
2011-06-28,28.11,28.29,29.13,29.02,29.14,28.96
2011-06-29,28.29,29.13,29.02,29.14,28.96,29.73
2011-06-30,29.13,29.02,29.14,28.96,29.73,28.81
2011-07-01,29.02,29.14,28.96,29.73,28.81,28.35
2011-07-05,29.14,28.96,29.73,28.81,28.35,28.17
2011-07-06,28.96,29.73,28.81,28.35,28.17,28.64
2011-07-07,29.73,28.81,28.35,28.17,28.64,27.61
2011-07-08,28.81,28.35,28.17,28.64,27.61,27.58
2011-07-11,28.35,28.17,28.64,27.61,27.58,27.23
2011-07-12,28.17,28.64,27.61,27.58,27.23,27.89
2011-07-13,28.64,27.61,27.58,27.23,27.89,28.69
2011-07-14,27.61,27.58,27.23,27.89,28.69,28.7
2011-07-15,27.58,27.23,27.89,28.69,28.7,29.29
2011-07-18,27.23,27.89,28.69,28.7,29.29,28.49
2011-07-19,27.89,28.69,28.7,29.29,28.49,28.0
2011-07-20,28.69,28.7,29.29,28.49,28.0,27.64
2011-07-21,28.7,29.29,28.49,28.0,27.64,28.17
2011-07-22,29.29,28.49,28.0,27.64,28.17,28.17
2011-07-25,28.49,28.0,27.64,28.17,28.17,28.77
2011-07-26,28.0,27.64,28.17,28.17,28.77,27.34
2011-07-27,27.64,28.17,28.17,28.77,27.34,27.2
2011-07-28,28.17,28.17,28.77,27.34,27.2,24.75
2011-07-29,28.17,28.77,27.34,27.2,24.75,24.24
2011-08-01,28.77,27.34,27.2,24.75,24.24,23.64
2011-08-02,27.34,27.2,24.75,24.24,23.64,25.06
2011-08-03,27.2,24.75,24.24,23.64,25.06,23.82
2011-08-04,24.75,24.24,23.64,25.06,23.82,25.3
2011-08-05,24.24,23.64,25.06,23.82,25.3,26.31
2011-08-08,23.64,25.06,23.82,25.3,26.31,26.23
2011-08-09,25.06,23.82,25.3,26.31,26.23,26.1
2011-08-10,23.82,25.3,26.31,26.23,26.1,25.83
2011-08-11,25.3,26.31,26.23,26.1,25.83,24.26
2011-08-12,26.31,26.23,26.1,25.83,24.26,22.3
2011-08-15,26.23,26.1,25.83,24.26,22.3,21.95
2011-08-16,26.1,25.83,24.26,22.3,21.95,22.96
2011-08-17,25.83,24.26,22.3,21.95,22.96,23.87
2011-08-18,24.26,22.3,21.95,22.96,23.87,23.11
2011-08-19,22.3,21.95,22.96,23.87,23.11,23.73
2011-08-22,21.95,22.96,23.87,23.11,23.73,24.71
2011-08-23,22.96,23.87,23.11,23.73,24.71,24.63
2011-08-24,23.87,23.11,23.73,24.71,24.63,24.74
2011-08-25,23.11,23.73,24.71,24.63,24.74,24.0
2011-08-26,23.73,24.71,24.63,24.74,24.0,23.07
2011-08-29,24.71,24.63,24.74,24.0,23.07,22.94
2011-08-30,24.63,24.74,24.0,23.07,22.94,23.84
2011-08-31,24.74,24.0,23.07,22.94,23.84,23.61
2011-09-01,24.0,23.07,22.94,23.84,23.61,22.97
2011-09-02,23.07,22.94,23.84,23.61,22.97,22.88
2011-09-06,22.94,23.84,23.61,22.97,22.88,24.08
2011-09-07,23.84,23.61,22.97,22.88,24.08,24.34
2011-09-08,23.61,22.97,22.88,24.08,24.34,24.82
2011-09-09,22.97,22.88,24.08,24.34,24.82,25.8
2011-09-12,22.88,24.08,24.34,24.82,25.8,25.77
2011-09-13,24.08,24.34,24.82,25.8,25.77,26.01
2011-09-14,24.34,24.82,25.8,25.77,26.01,25.85
2011-09-15,24.82,25.8,25.77,26.01,25.85,25.63
2011-09-16,25.8,25.77,26.01,25.85,25.63,26.38
2011-09-19,25.77,26.01,25.85,25.63,26.38,25.52
2011-09-20,26.01,25.85,25.63,26.38,25.52,26.19
2011-09-21,25.85,25.63,26.38,25.52,26.19,24.59
2011-09-22,25.63,26.38,25.52,26.19,24.59,24.12
2011-09-23,26.38,25.52,26.19,24.59,24.12,24.39
2011-09-26,25.52,26.19,24.59,24.12,24.39,23.73
2011-09-27,26.19,24.59,24.12,24.39,23.73,23.66
2011-09-28,24.59,24.12,24.39,23.73,23.66,25.37
2011-09-29,24.12,24.39,23.73,23.66,25.37,26.96
2011-09-30,24.39,23.73,23.66,25.37,26.96,26.99
2011-10-03,23.73,23.66,25.37,26.96,26.99,27.88
2011-10-04,23.66,25.37,26.96,26.99,27.88,27.61
2011-10-05,25.37,26.96,26.99,27.88,27.61,27.8
2011-10-06,26.96,26.99,27.88,27.61,27.8,27.94
2011-10-07,26.99,27.88,27.61,27.8,27.94,28.05
2011-10-10,27.88,27.61,27.8,27.94,28.05,27.42
2011-10-11,27.61,27.8,27.94,28.05,27.42,28.34
2011-10-12,27.8,27.94,28.05,27.42,28.34,27.57
2011-10-13,27.94,28.05,27.42,28.34,27.57,27.34
2011-10-14,28.05,27.42,28.34,27.57,27.34,28.03
2011-10-17,27.42,28.34,27.57,27.34,28.03,28.55
2011-10-18,28.34,27.57,27.34,28.03,28.55,28.25
2011-10-19,27.57,27.34,28.03,28.55,28.25,27.98
2011-10-20,27.34,28.03,28.55,28.25,27.98,28.76
2011-10-21,28.03,28.55,28.25,27.98,28.76,29.87
2011-10-24,28.55,28.25,27.98,28.76,29.87,29.37
2011-10-25,28.25,27.98,28.76,29.87,29.37,28.88
2011-10-26,27.98,28.76,29.87,29.37,28.88,28.71
2011-10-27,28.76,29.87,29.37,28.88,28.71,32.46
2011-10-28,29.87,29.37,28.88,28.71,32.46,32.31
2011-10-31,29.37,28.88,28.71,32.46,32.31,31.27
2011-11-01,28.88,28.71,32.46,32.31,31.27,31.84
2011-11-02,28.71,32.46,32.31,31.27,31.84,30.88
2011-11-03,32.46,32.31,31.27,31.84,30.88,31.33
2011-11-04,32.31,31.27,31.84,30.88,31.33,33.64
2011-11-07,31.27,31.84,30.88,31.33,33.64,33.22
2011-11-08,31.84,30.88,31.33,33.64,33.22,33.93
2011-11-09,30.88,31.33,33.64,33.22,33.93,34.94
2011-11-10,31.33,33.64,33.22,33.93,34.94,33.68
2011-11-11,33.64,33.22,33.93,34.94,33.68,32.6
2011-11-14,33.22,33.93,34.94,33.68,32.6,31.76
2011-11-15,33.93,34.94,33.68,32.6,31.76,32.07
2011-11-16,34.94,33.68,32.6,31.76,32.07,31.45
2011-11-17,33.68,32.6,31.76,32.07,31.45,31.66
2011-11-18,32.6,31.76,32.07,31.45,31.66,32.56
2011-11-21,31.76,32.07,31.45,31.66,32.56,31.75
2011-11-22,32.07,31.45,31.66,32.56,31.75,32.74
2011-11-23,31.45,31.66,32.56,31.75,32.74,32.6
2011-11-25,31.66,32.56,31.75,32.74,32.6,33.3
2011-11-28,32.56,31.75,32.74,32.6,33.3,34.42
2011-11-29,31.75,32.74,32.6,33.3,34.42,34.87
2011-11-30,32.74,32.6,33.3,34.42,34.87,34.19
2011-12-01,32.6,33.3,34.42,34.87,34.19,30.89
2011-12-02,33.3,34.42,34.87,34.19,30.89,31.04
2011-12-05,34.42,34.87,34.19,30.89,31.04,30.41
2011-12-06,34.87,34.19,30.89,31.04,30.41,29.45
2011-12-07,34.19,30.89,31.04,30.41,29.45,28.53
2011-12-08,30.89,31.04,30.41,29.45,28.53,28.62
2011-12-09,31.04,30.41,29.45,28.53,28.62,28.0
2011-12-12,30.41,29.45,28.53,28.62,28.0,27.75
2011-12-13,29.45,28.53,28.62,28.0,27.75,27.9
2011-12-14,28.53,28.62,28.0,27.75,27.9,27.57
2011-12-15,28.62,28.0,27.75,27.9,27.57,27.77
2011-12-16,28.0,27.75,27.9,27.57,27.77,27.9
2011-12-19,27.75,27.9,27.57,27.77,27.9,28.57
2011-12-20,27.9,27.57,27.77,27.9,28.57,28.51
2011-12-21,27.57,27.77,27.9,28.57,28.51,28.73
2011-12-22,27.77,27.9,28.57,28.51,28.73,28.56
2011-12-23,27.9,28.57,28.51,28.73,28.56,28.08
2011-12-27,28.57,28.51,28.73,28.56,28.08,27.71
2011-12-28,28.51,28.73,28.56,28.08,27.71,27.12
2011-12-29,28.73,28.56,28.08,27.71,27.12,26.91
2011-12-30,28.56,28.08,27.71,27.12,26.91,27.25
2012-01-03,28.08,27.71,27.12,26.91,27.25,27.62
2012-01-04,27.71,27.12,26.91,27.25,27.62,28.23
2012-01-05,27.12,26.91,27.25,27.62,28.23,28.25
2012-01-06,26.91,27.25,27.62,28.23,28.25,22.79
2012-01-09,27.25,27.62,28.23,28.25,22.79,26.6
2012-01-10,27.62,28.23,28.25,22.79,26.6,26.81
2012-01-11,28.23,28.25,22.79,26.6,26.81,26.76
2012-01-12,28.25,22.79,26.6,26.81,26.76,26.6
2012-01-13,22.79,26.6,26.81,26.76,26.6,26.77
2012-01-17,26.6,26.81,26.76,26.6,26.77,27.42
2012-01-18,26.81,26.76,26.6,26.77,27.42,27.97
2012-01-19,26.76,26.6,26.77,27.42,27.97,28.94
2012-01-20,26.6,26.77,27.42,27.97,28.94,29.33
2012-01-23,26.77,27.42,27.97,28.94,29.33,29.57
2012-01-24,27.42,27.97,28.94,29.33,29.57,29.07
2012-01-25,27.97,28.94,29.33,29.57,29.07,29.58
2012-01-26,28.94,29.33,29.57,29.07,29.58,30.25
2012-01-27,29.33,29.57,29.07,29.58,30.25,31.15
2012-01-30,29.57,29.07,29.58,30.25,31.15,31.8
2012-01-31,29.07,29.58,30.25,31.15,31.8,31.6
2012-02-01,29.58,30.25,31.15,31.8,31.6,31.93
2012-02-02,30.25,31.15,31.8,31.6,31.93,32.58
2012-02-03,31.15,31.8,31.6,31.93,32.58,31.1
2012-02-06,31.8,31.6,31.93,32.58,31.1,31.49
2012-02-07,31.6,31.93,32.58,31.1,31.49,33.17
2012-02-08,31.93,32.58,31.1,31.49,33.17,33.6
2012-02-09,32.58,31.1,31.49,33.17,33.6,34.18
2012-02-10,31.1,31.49,33.17,33.6,34.18,34.97
2012-02-13,31.49,33.17,33.6,34.18,34.97,34.5
2012-02-14,33.17,33.6,34.18,34.97,34.5,34.22
2012-02-15,33.6,34.18,34.97,34.5,34.22,34.53
2012-02-16,34.18,34.97,34.5,34.22,34.53,33.75
2012-02-17,34.97,34.5,34.22,34.53,33.75,33.62
2012-02-21,34.5,34.22,34.53,33.75,33.62,33.81
2012-02-22,34.22,34.53,33.75,33.62,33.81,33.41
2012-02-23,34.53,33.75,33.62,33.81,33.41,34.41
2012-02-24,33.75,33.62,33.81,33.41,34.41,34.04
2012-02-27,33.62,33.81,33.41,34.41,34.04,33.77
2012-02-28,33.81,33.41,34.41,34.04,33.77,33.11
2012-02-29,33.41,34.41,34.04,33.77,33.11,33.12
2012-03-01,34.41,34.04,33.77,33.11,33.12,33.07
2012-03-02,34.04,33.77,33.11,33.12,33.07,34.74
2012-03-05,33.77,33.11,33.12,33.07,34.74,36.01
2012-03-06,33.11,33.12,33.07,34.74,36.01,36.09
2012-03-07,33.12,33.07,34.74,36.01,36.09,35.29
2012-03-08,33.07,34.74,36.01,36.09,35.29,35.0
2012-03-09,34.74,36.01,36.09,35.29,35.0,35.32
2012-03-12,36.01,36.09,35.29,35.0,35.32,34.98
2012-03-13,36.09,35.29,35.0,35.32,34.98,34.96
2012-03-14,35.29,35.0,35.32,34.98,34.96,35.15
2012-03-15,35.0,35.32,34.98,34.96,35.15,34.4
2012-03-16,35.32,34.98,34.96,35.15,34.4,34.08
2012-03-19,34.98,34.96,35.15,34.4,34.08,37.4
2012-03-20,34.96,35.15,34.4,34.08,37.4,37.94
2012-03-21,35.15,34.4,34.08,37.4,37.94,37.85
2012-03-22,34.4,34.08,37.4,37.94,37.85,37.33
2012-03-23,34.08,37.4,37.94,37.85,37.33,37.24
2012-03-26,37.4,37.94,37.85,37.33,37.24,36.58
2012-03-27,37.94,37.85,37.33,37.24,36.58,38.01
2012-03-28,37.85,37.33,37.24,36.58,38.01,35.0
2012-03-29,37.33,37.24,36.58,38.01,35.0,34.48
2012-03-30,37.24,36.58,38.01,35.0,34.48,33.15
2012-04-02,36.58,38.01,35.0,34.48,33.15,32.46
2012-04-03,38.01,35.0,34.48,33.15,32.46,33.09
2012-04-04,35.0,34.48,33.15,32.46,33.09,33.44
2012-04-05,34.48,33.15,32.46,33.09,33.44,33.59
2012-04-09,33.15,32.46,33.09,33.44,33.59,32.25
2012-04-10,32.46,33.09,33.44,33.59,32.25,32.24
2012-04-11,33.09,33.44,33.59,32.25,32.24,32.66
2012-04-12,33.44,33.59,32.25,32.24,32.66,33.16
2012-04-13,33.59,32.25,32.24,32.66,33.16,33.16
2012-04-16,32.25,32.24,32.66,33.16,33.16,31.94
2012-04-17,32.24,32.66,33.16,33.16,31.94,31.82
2012-04-18,32.66,33.16,33.16,31.94,31.82,32.91
2012-04-19,33.16,33.16,31.94,31.82,32.91,33.49
2012-04-20,33.16,31.94,31.82,32.91,33.49,33.34
2012-04-23,31.94,31.82,32.91,33.49,33.34,33.13
2012-04-24,31.82,32.91,33.49,33.34,33.13,33.78
2012-04-25,32.91,33.49,33.34,33.13,33.78,33.94
2012-04-26,33.49,33.34,33.13,33.78,33.94,32.46
2012-04-27,33.34,33.13,33.78,33.94,32.46,31.83
2012-04-30,33.13,33.78,33.94,32.46,31.83,32.47
2012-05-01,33.78,33.94,32.46,31.83,32.47,30.19
2012-05-02,33.94,32.46,31.83,32.47,30.19,30.06
2012-05-03,32.46,31.83,32.47,30.19,30.06,32.96
2012-05-04,31.83,32.47,30.19,30.06,32.96,32.25
2012-05-07,32.47,30.19,30.06,32.96,32.25,30.06
2012-05-08,30.19,30.06,32.96,32.25,30.06,29.43
2012-05-09,30.06,32.96,32.25,30.06,29.43,29.18
2012-05-10,32.96,32.25,30.06,29.43,29.18,28.57
2012-05-11,32.25,30.06,29.43,29.18,28.57,27.56
2012-05-14,30.06,29.43,29.18,28.57,27.56,28.77
2012-05-15,29.43,29.18,28.57,27.56,28.77,30.79
2012-05-16,29.18,28.57,27.56,28.77,30.79,31.02
2012-05-17,28.57,27.56,28.77,30.79,31.02,30.32
2012-05-18,27.56,28.77,30.79,31.02,30.32,29.81
2012-05-21,28.77,30.79,31.02,30.32,29.81,31.69
2012-05-22,30.79,31.02,30.32,29.81,31.69,30.41
2012-05-23,31.02,30.32,29.81,31.69,30.41,29.5
2012-05-24,30.32,29.81,31.69,30.41,29.5,28.15
2012-05-25,29.81,31.69,30.41,29.5,28.15,27.88
2012-05-29,31.69,30.41,29.5,28.15,27.88,27.91
2012-05-30,30.41,29.5,28.15,27.88,27.91,29.22
2012-05-31,29.5,28.15,27.88,27.91,29.22,28.93
2012-06-01,28.15,27.88,27.91,29.22,28.93,30.08
2012-06-04,27.88,27.91,29.22,28.93,30.08,29.12
2012-06-05,27.91,29.22,28.93,30.08,29.12,29.66
2012-06-06,29.22,28.93,30.08,29.12,29.66,29.77
2012-06-07,28.93,30.08,29.12,29.66,29.77,29.39
2012-06-08,30.08,29.12,29.66,29.77,29.39,29.91
2012-06-11,29.12,29.66,29.77,29.39,29.91,31.84
2012-06-12,29.66,29.77,29.39,29.91,31.84,32.09
2012-06-13,29.77,29.39,29.91,31.84,32.09,33.78
2012-06-14,29.39,29.91,31.84,32.09,33.78,32.19
2012-06-15,29.91,31.84,32.09,33.78,32.19,33.785
2012-06-18,31.84,32.09,33.78,32.19,33.785,33.11
2012-06-19,32.09,33.78,32.19,33.785,33.11,31.61
2012-06-20,33.78,32.19,33.785,33.11,31.61,31.96
2012-06-21,32.19,33.785,33.11,31.61,31.96,31.41
2012-06-22,33.785,33.11,31.61,31.96,31.41,31.29
2012-06-25,33.11,31.61,31.96,31.41,31.29,30.4
2012-06-26,31.61,31.96,31.41,31.29,30.4,30.66
2012-06-27,31.96,31.41,31.29,30.4,30.66,31.23
2012-06-28,31.41,31.29,30.4,30.66,31.23,30.99
2012-06-29,31.29,30.4,30.66,31.23,30.99,31.49
2012-07-02,30.4,30.66,31.23,30.99,31.49,31.27
2012-07-03,30.66,31.23,30.99,31.49,31.27,31.51
2012-07-05,31.23,30.99,31.49,31.27,31.51,32.7
2012-07-06,30.99,31.49,31.27,31.51,32.7,34.25
2012-07-09,31.49,31.27,31.51,32.7,34.25,35.96
2012-07-10,31.27,31.51,32.7,34.25,35.96,33.35
2012-07-11,31.51,32.7,34.25,35.96,33.35,32.15
2012-07-12,32.7,34.25,35.96,33.35,32.15,32.27
2012-07-13,34.25,35.96,33.35,32.15,32.27,31.79
2012-07-16,35.96,33.35,32.15,32.27,31.79,30.66
2012-07-17,33.35,32.15,32.27,31.79,30.66,29.84
2012-07-18,32.15,32.27,31.79,30.66,29.84,28.95
2012-07-19,32.27,31.79,30.66,29.84,28.95,28.13
2012-07-20,31.79,30.66,29.84,28.95,28.13,29.51
2012-07-23,30.66,29.84,28.95,28.13,29.51,27.35
2012-07-24,29.84,28.95,28.13,29.51,27.35,27.42
2012-07-25,28.95,28.13,29.51,27.35,27.42,26.25
2012-07-26,28.13,29.51,27.35,27.42,26.25,26.1
2012-07-27,29.51,27.35,27.42,26.25,26.1,27.27
2012-07-30,27.35,27.42,26.25,26.1,27.27,28.27
2012-07-31,27.42,26.25,26.1,27.27,28.27,30.25
2012-08-01,26.25,26.1,27.27,28.27,30.25,29.09
2012-08-02,26.1,27.27,28.27,30.25,29.09,29.41
2012-08-03,27.27,28.27,30.25,29.09,29.41,29.94
2012-08-06,28.27,30.25,29.09,29.41,29.94,31.17
2012-08-07,30.25,29.09,29.41,29.94,31.17,29.42
2012-08-08,29.09,29.41,29.94,31.17,29.42,29.4
2012-08-09,29.41,29.94,31.17,29.42,29.4,30.3
2012-08-10,29.94,31.17,29.42,29.4,30.3,30.01
2012-08-13,31.17,29.42,29.4,30.3,30.01,29.51
2012-08-14,29.42,29.4,30.3,30.01,29.51,29.11
2012-08-15,29.4,30.3,30.01,29.51,29.11,29.95
2012-08-16,30.3,30.01,29.51,29.11,29.95,30.73
2012-08-17,30.01,29.51,29.11,29.95,30.73,29.5
2012-08-20,29.51,29.11,29.95,30.73,29.5,28.32
2012-08-21,29.11,29.95,30.73,29.5,28.32,28.69
2012-08-22,29.95,30.73,29.5,28.32,28.69,28.41
2012-08-23,30.73,29.5,28.32,28.69,28.41,28.41
2012-08-24,29.5,28.32,28.69,28.41,28.41,28.52
2012-08-27,28.32,28.69,28.41,28.41,28.52,28.14
2012-08-28,28.69,28.41,28.41,28.52,28.14,27.94
2012-08-29,28.41,28.41,28.52,28.14,27.94,28.55
2012-08-30,28.41,28.52,28.14,27.94,28.55,29.35
2012-08-31,28.52,28.14,27.94,28.55,29.35,27.37
2012-09-04,28.14,27.94,28.55,29.35,27.37,27.8
2012-09-05,27.94,28.55,29.35,27.37,27.8,28.28
2012-09-06,28.55,29.35,27.37,27.8,28.28,29.48
2012-09-07,29.35,27.37,27.8,28.28,29.48,30.39
2012-09-10,27.37,27.8,28.28,29.48,30.39,32.54
2012-09-11,27.8,28.28,29.48,30.39,32.54,31.34
2012-09-12,28.28,29.48,30.39,32.54,31.34,31.05
2012-09-13,29.48,30.39,32.54,31.34,31.05,30.9
2012-09-14,30.39,32.54,31.34,31.05,30.9,30.02
2012-09-17,32.54,31.34,31.05,30.9,30.02,30.66
2012-09-18,31.34,31.05,30.9,30.02,30.66,27.66
2012-09-19,31.05,30.9,30.02,30.66,27.66,27.54
2012-09-20,30.9,30.02,30.66,27.66,27.54,28.49
2012-09-21,30.02,30.66,27.66,27.54,28.49,29.28
2012-09-24,30.66,27.66,27.54,28.49,29.28,29.16
2012-09-25,27.66,27.54,28.49,29.28,29.16,29.8
2012-09-26,27.54,28.49,29.28,29.16,29.8,29.3
2012-09-27,28.49,29.28,29.16,29.8,29.3,29.4
2012-09-28,29.28,29.16,29.8,29.3,29.4,28.89
2012-10-01,29.16,29.8,29.3,29.4,28.89,29.25
2012-10-02,29.8,29.3,29.4,28.89,29.25,28.37
2012-10-03,29.3,29.4,28.89,29.25,28.37,28.4
2012-10-04,29.4,28.89,29.25,28.37,28.4,28.32
2012-10-05,28.89,29.25,28.37,28.4,28.32,27.64
2012-10-08,29.25,28.37,28.4,28.32,27.64,27.33
2012-10-09,28.37,28.4,28.32,27.64,27.33,28.06
2012-10-10,28.4,28.32,27.64,27.33,28.06,28.8191
2012-10-11,28.32,27.64,27.33,28.06,28.8191,28.04
2012-10-12,27.64,27.33,28.06,28.8191,28.04,27.74
2012-10-15,27.33,28.06,28.8191,28.04,27.74,27.85
2012-10-16,28.06,28.8191,28.04,27.74,27.85,28.39
2012-10-17,28.8191,28.04,27.74,27.85,28.39,27.42
2012-10-18,28.04,27.74,27.85,28.39,27.42,27.52
2012-10-19,27.74,27.85,28.39,27.42,27.52,27.38
2012-10-22,27.85,28.39,27.42,27.52,27.38,28.1314
2012-10-23,28.39,27.42,27.52,27.38,28.1314,29.2454
2012-10-24,27.42,27.52,27.38,28.1314,29.2454,28.9182
2012-10-25,27.52,27.38,28.1314,29.2454,28.9182,31.5
2012-10-26,27.38,28.1314,29.2454,28.9182,31.5,31.15
2012-10-31,28.1314,29.2454,28.9182,31.5,31.15,31.54
2012-11-01,29.2454,28.9182,31.5,31.15,31.54,31.31
2012-11-02,28.9182,31.5,31.15,31.54,31.31,30.32
2012-11-05,31.5,31.15,31.54,31.31,30.32,31.07
2012-11-06,31.15,31.54,31.31,30.32,31.07,31.6143
2012-11-07,31.54,31.31,30.32,31.07,31.6143,31.38
2012-11-08,31.31,30.32,31.07,31.6143,31.38,30.82
2012-11-09,30.32,31.07,31.6143,31.38,30.82,31.8399
2012-11-12,31.07,31.6143,31.38,30.82,31.8399,32.92
2012-11-13,31.6143,31.38,30.82,31.8399,32.92,33.0
2012-11-14,31.38,30.82,31.8399,32.92,33.0,32.47
2012-11-15,30.82,31.8399,32.92,33.0,32.47,32.13
2012-11-16,31.8399,32.92,33.0,32.47,32.13,32.27
2012-11-19,32.92,33.0,32.47,32.13,32.27,32.15
2012-11-20,33.0,32.47,32.13,32.27,32.15,33.23
2012-11-21,32.47,32.13,32.27,32.15,33.23,33.69
2012-11-23,32.13,32.27,32.15,33.23,33.69,33.82
2012-11-26,32.27,32.15,33.23,33.69,33.82,34.62
2012-11-27,32.15,33.23,33.69,33.82,34.62,33.9
2012-11-28,33.23,33.69,33.82,34.62,33.9,33.71
2012-11-29,33.69,33.82,34.62,33.9,33.71,33.9
2012-11-30,33.82,34.62,33.9,33.71,33.9,34.17
2012-12-03,34.62,33.9,33.71,33.9,34.17,34.57
2012-12-04,33.9,33.71,33.9,34.17,34.57,35.28
2012-12-05,33.71,33.9,34.17,34.57,35.28,35.26
2012-12-06,33.9,34.17,34.57,35.28,35.26,33.61
2012-12-07,34.17,34.57,35.28,35.26,33.61,33.81
2012-12-10,34.57,35.28,35.26,33.61,33.81,34.4
2012-12-11,35.28,35.26,33.61,33.81,34.4,34.59
2012-12-12,35.26,33.61,33.81,34.4,34.59,34.61
2012-12-13,33.61,33.81,34.4,34.59,34.61,34.43
2012-12-14,33.81,34.4,34.59,34.61,34.43,34.0
2012-12-17,34.4,34.59,34.61,34.43,34.0,34.28
2012-12-18,34.59,34.61,34.43,34.0,34.28,33.59
2012-12-19,34.61,34.43,34.0,34.28,33.59,33.69
2012-12-20,34.43,34.0,34.28,33.59,33.69,33.22
2012-12-21,34.0,34.28,33.59,33.69,33.22,33.87
2012-12-24,34.28,33.59,33.69,33.22,33.87,35.36
2012-12-26,33.59,33.69,33.22,33.87,35.36,34.77
2012-12-27,33.69,33.22,33.87,35.36,34.77,34.4
2012-12-28,33.22,33.87,35.36,34.77,34.4,34.34
2012-12-31,33.87,35.36,34.77,34.4,34.34,33.68
2013-01-02,35.36,34.77,34.4,34.34,33.68,33.64
2013-01-03,34.77,34.4,34.34,33.68,33.64,33.53
2013-01-04,34.4,34.34,33.68,33.64,33.53,32.91
2013-01-07,34.34,33.68,33.64,33.53,32.91,33.26
2013-01-08,33.68,33.64,33.53,32.91,33.26,33.9
2013-01-09,33.64,33.53,32.91,33.26,33.9,34.1
2013-01-10,33.53,32.91,33.26,33.9,34.1,34.38
2013-01-11,32.91,33.26,33.9,34.1,34.38,34.52
2013-01-14,33.26,33.9,34.1,34.38,34.52,35.19
2013-01-15,33.9,34.1,34.38,34.52,35.19,36.0
2013-01-16,34.1,34.38,34.52,35.19,36.0,36.99
2013-01-17,34.38,34.52,35.19,36.0,36.99,36.98
2013-01-18,34.52,35.19,36.0,36.99,36.98,38.03
2013-01-22,35.19,36.0,36.99,36.98,38.03,37.95
2013-01-23,36.0,36.99,36.98,38.03,37.95,37.52
2013-01-24,36.99,36.98,38.03,37.95,37.52,37.51
2013-01-25,36.98,38.03,37.95,37.52,37.51,38.3
2013-01-28,38.03,37.95,37.52,37.51,38.3,37.74
2013-01-29,37.95,37.52,37.51,38.3,37.74,38.13
2013-01-30,37.52,37.51,38.3,37.74,38.13,39.17
2013-01-31,37.51,38.3,37.74,38.13,39.17,39.48
2013-02-01,38.3,37.74,38.13,39.17,39.48,39.24
2013-02-04,37.74,38.13,39.17,39.48,39.24,38.42
2013-02-05,38.13,39.17,39.48,39.24,38.42,37.89
2013-02-06,39.17,39.48,39.24,38.42,37.89,38.45
2013-02-07,39.48,39.24,38.42,37.89,38.45,38.3
2013-02-08,39.24,38.42,37.89,38.45,38.3,37.04
2013-02-11,38.42,37.89,38.45,38.3,37.04,39.28
2013-02-12,37.89,38.45,38.3,37.04,39.28,38.54
2013-02-13,38.45,38.3,37.04,39.28,38.54,35.16
2013-02-14,38.3,37.04,39.28,38.54,35.16,36.11
2013-02-15,37.04,39.28,38.54,35.16,36.11,34.38
2013-02-19,39.28,38.54,35.16,36.11,34.38,34.43
2013-02-20,38.54,35.16,36.11,34.38,34.43,35.1
2013-02-21,35.16,36.11,34.38,34.43,35.1,34.83
2013-02-22,36.11,34.38,34.43,35.1,34.83,34.65
2013-02-25,34.38,34.43,35.1,34.83,34.65,35.58
2013-02-26,34.43,35.1,34.83,34.65,35.58,36.65
2013-02-27,35.1,34.83,34.65,35.58,36.65,37.69
2013-02-28,34.83,34.65,35.58,36.65,37.69,38.23
2013-03-01,34.65,35.58,36.65,37.69,38.23,38.47
2013-03-04,35.58,36.65,37.69,38.23,38.47,39.1
2013-03-05,36.65,37.69,38.23,38.47,39.1,39.12
2013-03-06,37.69,38.23,38.47,39.1,39.12,38.98
2013-03-07,38.23,38.47,39.1,39.12,38.98,36.85
2013-03-08,38.47,39.1,39.12,38.98,36.85,35.29
2013-03-11,39.1,39.12,38.98,36.85,35.29,35.15
2013-03-12,39.12,38.98,36.85,35.29,35.15,35.08
2013-03-13,38.98,36.85,35.29,35.15,35.08,35.95
2013-03-14,36.85,35.29,35.15,35.08,35.95,36.01
2013-03-15,35.29,35.15,35.08,35.95,36.01,36.62
2013-03-18,35.15,35.08,35.95,36.01,36.62,37.53
2013-03-19,35.08,35.95,36.01,36.62,37.53,37.86
2013-03-20,35.95,36.01,36.62,37.53,37.86,38.16
2013-03-21,36.01,36.62,37.53,37.86,38.16,37.89
2013-03-22,36.62,37.53,37.86,38.16,37.89,43.93
2013-03-25,37.53,37.86,38.16,37.89,43.93,44.34
2013-03-26,37.86,38.16,37.89,43.93,44.34,41.1
2013-03-27,38.16,37.89,43.93,44.34,41.1,42.01
2013-03-28,37.89,43.93,44.34,41.1,42.01,41.37
2013-04-01,43.93,44.34,41.1,42.01,41.37,41.83
2013-04-02,44.34,41.1,42.01,41.37,41.83,40.5
2013-04-03,41.1,42.01,41.37,41.83,40.5,41.86
2013-04-04,42.01,41.37,41.83,40.5,41.86,43.59
2013-04-05,41.37,41.83,40.5,41.86,43.59,43.75
2013-04-08,41.83,40.5,41.86,43.59,43.75,43.3
2013-04-09,40.5,41.86,43.59,43.75,43.3,45.59
2013-04-10,41.86,43.59,43.75,43.3,45.59,45.45
2013-04-11,43.59,43.75,43.3,45.59,45.45,46.97
2013-04-12,43.75,43.3,45.59,45.45,46.97,47.83
2013-04-15,43.3,45.59,45.45,46.97,47.83,50.19
2013-04-16,45.59,45.45,46.97,47.83,50.19,51.01
2013-04-17,45.45,46.97,47.83,50.19,51.01,50.43
2013-04-18,46.97,47.83,50.19,51.01,50.43,52.0
2013-04-19,47.83,50.19,51.01,50.43,52.0,51.2
2013-04-22,50.19,51.01,50.43,52.0,51.2,54.94
2013-04-23,51.01,50.43,52.0,51.2,54.94,53.99
2013-04-24,50.43,52.0,51.2,54.94,53.99,53.28
2013-04-25,52.0,51.2,54.94,53.99,53.28,54.11
2013-04-26,51.2,54.94,53.99,53.28,54.11,54.55
2013-04-29,54.94,53.99,53.28,54.11,54.55,59.5
2013-04-30,53.99,53.28,54.11,54.55,59.5,55.51
2013-05-01,53.28,54.11,54.55,59.5,55.51,55.7865
2013-05-02,54.11,54.55,59.5,55.51,55.7865,69.4
2013-05-03,54.55,59.5,55.51,55.7865,69.4,76.764
2013-05-06,59.5,55.51,55.7865,69.4,76.764,87.8
2013-05-07,55.51,55.7865,69.4,76.764,87.8,83.24
2013-05-08,55.7865,69.4,76.764,87.8,83.24,84.842
2013-05-09,69.4,76.764,87.8,83.24,84.842,92.248
2013-05-10,76.764,87.8,83.24,84.842,92.248,91.5
2013-05-13,87.8,83.24,84.842,92.248,91.5,89.94
2013-05-14,83.24,84.842,92.248,91.5,89.94,87.59
2013-05-15,84.842,92.248,91.5,89.94,87.59,87.24
2013-05-16,92.248,91.5,89.94,87.59,87.24,92.73
2013-05-17,91.5,89.94,87.59,87.24,92.73,97.08
2013-05-20,89.94,87.59,87.24,92.73,97.08,110.334
2013-05-21,87.59,87.24,92.73,97.08,110.334,104.629
2013-05-22,87.24,92.73,97.08,110.334,104.629,104.95
2013-05-23,92.73,97.08,110.334,104.629,104.95,97.76
2013-05-24,97.08,110.334,104.629,104.95,97.76,92.59
2013-05-28,110.334,104.629,104.95,97.76,92.59,94.84
2013-05-29,104.629,104.95,97.76,92.59,94.84,95.37
2013-05-30,104.95,97.76,92.59,94.84,95.37,97.35
2013-05-31,97.76,92.59,94.84,95.37,97.35,102.04
2013-06-03,92.59,94.84,95.37,97.35,102.04,100.05
2013-06-04,94.84,95.37,97.35,102.04,100.05,94.47
2013-06-05,95.37,97.35,102.04,100.05,94.47,97.73
2013-06-06,97.35,102.04,100.05,94.47,97.73,98.18
2013-06-07,102.04,100.05,94.47,97.73,98.18,100.3
2013-06-10,100.05,94.47,97.73,98.18,100.3,102.2
2013-06-11,94.47,97.73,98.18,100.3,102.2,103.39
2013-06-12,97.73,98.18,100.3,102.2,103.39,104.68
2013-06-13,98.18,100.3,102.2,103.39,104.68,100.65
2013-06-14,100.3,102.2,103.39,104.68,100.65,99.55
2013-06-17,102.2,103.39,104.68,100.65,99.55,101.49
2013-06-18,103.39,104.68,100.65,99.55,101.49,102.4
2013-06-19,104.68,100.65,99.55,101.49,102.4,105.72
2013-06-20,100.65,99.55,101.49,102.4,105.72,109.25
2013-06-21,99.55,101.49,102.4,105.72,109.25,107.36
2013-06-24,101.49,102.4,105.72,109.25,107.36,117.179
2013-06-25,102.4,105.72,109.25,107.36,117.179,117.82
2013-06-26,105.72,109.25,107.36,117.179,117.82,115.24
2013-06-27,109.25,107.36,117.179,117.82,115.24,120.09
2013-06-28,107.36,117.179,117.82,115.24,120.09,121.61
2013-07-01,117.179,117.82,115.24,120.09,121.61,123.45
2013-07-02,117.82,115.24,120.09,121.61,123.45,122.27
2013-07-03,115.24,120.09,121.61,123.45,122.27,125.61
2013-07-05,120.09,121.61,123.45,122.27,125.61,129.9
2013-07-08,121.61,123.45,122.27,125.61,129.9,127.26
2013-07-09,123.45,122.27,125.61,129.9,127.26,109.05
2013-07-10,122.27,125.61,129.9,127.26,109.05,120.25
2013-07-11,125.61,129.9,127.26,109.05,120.25,119.03
2013-07-12,129.9,127.26,109.05,120.25,119.03,119.68
2013-07-15,127.26,109.05,120.25,119.03,119.68,122.43
2013-07-16,109.05,120.25,119.03,119.68,122.43,122.74
2013-07-17,120.25,119.03,119.68,122.43,122.74,121.7
2013-07-18,119.03,119.68,122.43,122.74,121.7,124.07
2013-07-19,119.68,122.43,122.74,121.7,124.07,129.39
2013-07-22,122.43,122.74,121.7,124.07,129.39,134.62
2013-07-23,122.74,121.7,124.07,129.39,134.62,131.74
2013-07-24,121.7,124.07,129.39,134.62,131.74,134.28
2013-07-25,124.07,129.39,134.62,131.74,134.28,135.55
2013-07-26,129.39,134.62,131.74,134.28,135.55,138.0
2013-07-29,134.62,131.74,134.28,135.55,138.0,144.68
2013-07-30,131.74,134.28,135.55,138.0,144.68,142.15
2013-07-31,134.28,135.55,138.0,144.68,142.15,134.23
2013-08-01,135.55,138.0,144.68,142.15,134.23,153.48
2013-08-02,138.0,144.68,142.15,134.23,153.48,153.0
2013-08-05,144.68,142.15,134.23,153.48,153.0,147.38
2013-08-06,142.15,134.23,153.48,153.0,147.38,145.43
2013-08-07,134.23,153.48,153.0,147.38,145.43,139.36
2013-08-08,153.48,153.0,147.38,145.43,139.36,139.67
2013-08-09,153.0,147.38,145.43,139.36,139.67,142.0
2013-08-12,147.38,145.43,139.36,139.67,142.0,144.9
2013-08-13,145.43,139.36,139.67,142.0,144.9,149.58
2013-08-14,139.36,139.67,142.0,144.9,149.58,147.86
2013-08-15,139.67,142.0,144.9,149.58,147.86,157.1
2013-08-16,142.0,144.9,149.58,147.86,157.1,161.839
2013-08-19,144.9,149.58,147.86,157.1,161.839,164.22
2013-08-20,149.58,147.86,157.1,161.839,164.22,167.01
2013-08-21,147.86,157.1,161.839,164.22,167.01,166.45
2013-08-22,157.1,161.839,164.22,167.01,166.45,166.06
2013-08-23,161.839,164.22,167.01,166.45,166.06,169.0
2013-08-26,164.22,167.01,166.45,166.06,169.0,168.94
2013-08-27,167.01,166.45,166.06,169.0,168.94,170.622
2013-08-28,166.45,166.06,169.0,168.94,170.622,169.93
2013-08-29,166.06,169.0,168.94,170.622,169.93,166.97
2013-08-30,169.0,168.94,170.622,169.93,166.97,160.7
2013-09-03,168.94,170.622,169.93,166.97,160.7,166.37
2013-09-04,170.622,169.93,166.97,160.7,166.37,163.52
2013-09-05,169.93,166.97,160.7,166.37,163.52,164.93
2013-09-06,166.97,160.7,166.37,163.52,164.93,165.54
2013-09-09,160.7,166.37,163.52,164.93,165.54,166.58
2013-09-10,166.37,163.52,164.93,165.54,166.58,166.23
2013-09-11,163.52,164.93,165.54,166.58,166.23,166.218
2013-09-12,164.93,165.54,166.58,166.23,166.218,177.92
2013-09-13,165.54,166.58,166.23,166.218,177.92,183.39
2013-09-16,166.58,166.23,166.218,177.92,183.39,181.11
2013-09-17,166.23,166.218,177.92,183.39,181.11,182.33
2013-09-18,166.218,177.92,183.39,181.11,182.33,185.238
2013-09-19,177.92,183.39,181.11,182.33,185.238,188.64
2013-09-20,183.39,181.11,182.33,185.238,188.64,190.9
2013-09-23,181.11,182.33,185.238,188.64,190.9,193.37
2013-09-24,182.33,185.238,188.64,190.9,193.37,193.0
2013-09-25,185.238,188.64,190.9,193.37,193.0,180.95
2013-09-26,188.64,190.9,193.37,193.0,180.95,173.31
2013-09-27,190.9,193.37,193.0,180.95,173.31,180.98
2013-09-30,193.37,193.0,180.95,173.31,180.98,183.07
2013-10-01,193.0,180.95,173.31,180.98,183.07,174.73
2013-10-02,180.95,173.31,180.98,183.07,174.73,168.78
2013-10-03,173.31,180.98,183.07,174.73,168.78,172.93
2013-10-04,180.98,183.07,174.73,168.78,172.93,178.7
2013-10-07,183.07,174.73,168.78,172.93,178.7,179.72
2013-10-08,174.73,168.78,172.93,178.7,179.72,183.94
2013-10-09,168.78,172.93,178.7,179.72,183.94,183.56
2013-10-10,172.93,178.7,179.72,183.94,183.56,182.802
2013-10-11,178.7,179.72,183.94,183.56,182.802,183.4
2013-10-14,179.72,183.94,183.56,182.802,183.4,172.6
2013-10-15,183.94,183.56,182.802,183.4,172.6,171.54
2013-10-16,183.56,182.802,183.4,172.6,171.54,164.5
2013-10-17,182.802,183.4,172.6,171.54,164.5,173.15
2013-10-18,183.4,172.6,171.54,164.5,173.15,169.66
2013-10-21,172.6,171.54,164.5,173.15,169.66,162.86
2013-10-22,171.54,164.5,173.15,169.66,162.86,164.47
2013-10-23,164.5,173.15,169.66,162.86,164.47,159.22
2013-10-24,173.15,169.66,162.86,164.47,159.22,159.94
2013-10-25,169.66,162.86,164.47,159.22,159.94,162.17
2013-10-28,162.86,164.47,159.22,159.94,162.17,175.2
2013-10-29,164.47,159.22,159.94,162.17,175.2,176.81
2013-10-30,159.22,159.94,162.17,175.2,176.81,151.16
2013-10-31,159.94,162.17,175.2,176.81,151.16,139.772
2013-11-01,162.17,175.2,176.81,151.16,139.772,137.95
2013-11-04,175.2,176.81,151.16,139.772,137.95,144.698
2013-11-05,176.81,151.16,139.772,137.95,144.698,137.8
2013-11-06,151.16,139.772,137.95,144.698,137.8,138.7
2013-11-07,139.772,137.95,144.698,137.8,138.7,137.6
2013-11-08,137.95,144.698,137.8,138.7,137.6,135.45
2013-11-11,144.698,137.8,138.7,137.6,135.45,121.58
2013-11-12,137.8,138.7,137.6,135.45,121.58,126.09
2013-11-13,138.7,137.6,135.45,121.58,126.09,121.11
2013-11-14,137.6,135.45,121.58,126.09,121.11,122.1
2013-11-15,135.45,121.58,126.09,121.11,122.1,121.38
2013-11-18,121.58,126.09,121.11,122.1,121.38,120.84
2013-11-19,126.09,121.11,122.1,121.38,120.84,120.5
2013-11-20,121.11,122.1,121.38,120.84,120.5,126.94
2013-11-21,122.1,121.38,120.84,120.5,126.94,127.28
2013-11-22,121.38,120.84,120.5,126.94,127.28,124.17
2013-11-25,120.84,120.5,126.94,127.28,124.17,144.7
2013-11-26,120.5,126.94,127.28,124.17,144.7,138.95
2013-11-27,126.94,127.28,124.17,144.7,138.95,140.48
2013-11-29,127.28,124.17,144.7,138.95,140.48,137.36
2013-12-02,124.17,144.7,138.95,140.48,137.36,141.6
2013-12-03,144.7,138.95,140.48,137.36,141.6,142.19
2013-12-04,138.95,140.48,137.36,141.6,142.19,139.65
2013-12-05,140.48,137.36,141.6,142.19,139.65,147.47
2013-12-06,137.36,141.6,142.19,139.65,147.47,147.654
2013-12-09,141.6,142.19,139.65,147.47,147.654,147.94
2013-12-10,142.19,139.65,147.47,147.654,147.94,152.46
2013-12-11,139.65,147.47,147.654,147.94,152.46,147.98
2013-12-12,147.47,147.654,147.94,152.46,147.98,140.72
2013-12-13,147.654,147.94,152.46,147.98,140.72,143.24
2013-12-16,147.94,152.46,147.98,140.72,143.24,143.55
2013-12-17,152.46,147.98,140.72,143.24,143.55,151.41
2013-12-18,147.98,140.72,143.24,143.55,151.41,155.5
2013-12-19,140.72,143.24,143.55,151.41,155.5,151.12
2013-12-20,143.24,143.55,151.41,155.5,151.12,152.44
2013-12-23,143.55,151.41,155.5,151.12,152.44,150.429
2013-12-24,151.41,155.5,151.12,152.44,150.429,150.1
2013-12-26,155.5,151.12,152.44,150.429,150.1,149.56
2013-12-27,151.12,152.44,150.429,150.1,149.56,147.0
2013-12-30,152.44,150.429,150.1,149.56,147.0,149.36
2013-12-31,150.429,150.1,149.56,147.0,149.36,151.28
2014-01-02,150.1,149.56,147.0,149.36,151.28,147.53
2014-01-03,149.56,147.0,149.36,151.28,147.53,145.7199
2014-01-06,147.0,149.36,151.28,147.53,145.7199,139.34
2014-01-07,149.36,151.28,147.53,145.7199,139.34,161.27
2014-01-08,151.28,147.53,145.7199,139.34,161.27,164.13
2014-01-09,147.53,145.7199,139.34,161.27,164.13,170.97
2014-01-10,145.7199,139.34,161.27,164.13,170.97,170.01
2014-01-13,139.34,161.27,164.13,170.97,170.01,176.68
2014-01-14,161.27,164.13,170.97,170.01,176.68,178.56
2014-01-15,164.13,170.97,170.01,176.68,178.56,181.5
2014-01-16,170.97,170.01,176.68,178.56,181.5,174.6
2014-01-17,170.01,176.68,178.56,181.5,174.6,169.62
2014-01-21,176.68,178.56,181.5,174.6,169.62,178.38
2014-01-22,178.56,181.5,174.6,169.62,178.38,175.23
2014-01-23,181.5,174.6,169.62,178.38,175.23,182.84
2014-01-24,174.6,169.62,178.38,175.23,182.84,181.41
2014-01-27,169.62,178.38,175.23,182.84,181.41,177.11
2014-01-28,178.38,175.23,182.84,181.41,177.11,178.73
2014-01-29,175.23,182.84,181.41,177.11,178.73,174.42
2014-01-30,182.84,181.41,177.11,178.73,174.42,178.38
2014-01-31,181.41,177.11,178.73,174.42,178.38,186.53
2014-02-03,177.11,178.73,174.42,178.38,186.53,196.56
2014-02-04,178.73,174.42,178.38,186.53,196.56,196.62
2014-02-05,174.42,178.38,186.53,196.56,196.62,195.32
2014-02-06,178.38,186.53,196.56,196.62,195.32,199.63
2014-02-07,186.53,196.56,196.62,195.32,199.63,198.23
2014-02-10,196.56,196.62,195.32,199.63,198.23,203.7
2014-02-11,196.62,195.32,199.63,198.23,203.7,193.64
2014-02-12,195.32,199.63,198.23,203.7,193.64,209.97
2014-02-13,199.63,198.23,203.7,193.64,209.97,209.6
2014-02-14,198.23,203.7,193.64,209.97,209.6,217.65
2014-02-18,203.7,193.64,209.97,209.6,217.65,248.0
2014-02-19,193.64,209.97,209.6,217.65,248.0,253.0
2014-02-20,209.97,209.6,217.65,248.0,253.0,252.54
2014-02-21,209.6,217.65,248.0,253.0,252.54,244.81
2014-02-24,217.65,248.0,253.0,252.54,244.81,250.56
2014-02-25,248.0,253.0,252.54,244.81,250.56,254.84
2014-02-26,253.0,252.54,244.81,250.56,254.84,252.66
2014-02-27,252.54,244.81,250.56,254.84,252.66,252.94
2014-02-28,244.81,250.56,254.84,252.66,252.94,246.21
2014-03-03,250.56,254.84,252.66,252.94,246.21,238.84
2014-03-04,254.84,252.66,252.94,246.21,238.84,234.41
2014-03-05,252.66,252.94,246.21,238.84,234.41,241.49
2014-03-06,252.94,246.21,238.84,234.41,241.49,237.79
2014-03-07,246.21,238.84,234.41,241.49,237.79,230.97
2014-03-10,238.84,234.41,241.49,237.79,230.97,233.98
2014-03-11,234.41,241.49,237.79,230.97,233.98,240.04
2014-03-12,241.49,237.79,230.97,233.98,240.04,235.84
2014-03-13,237.79,230.97,233.98,240.04,235.84,234.91
2014-03-14,230.97,233.98,240.04,235.84,234.91,228.89
2014-03-17,233.98,240.04,235.84,234.91,228.89,220.17
2014-03-18,240.04,235.84,234.91,228.89,220.17,220.44
2014-03-19,235.84,234.91,228.89,220.17,220.44,212.96
2014-03-20,234.91,228.89,220.17,220.44,212.96,207.32
2014-03-21,228.89,220.17,220.44,212.96,207.32,212.37
2014-03-24,220.17,220.44,212.96,207.32,212.37,208.45
2014-03-25,220.44,212.96,207.32,212.37,208.45,216.97
2014-03-26,212.96,207.32,212.37,208.45,216.97,230.29
2014-03-27,207.32,212.37,208.45,216.97,230.29,225.4
2014-03-28,212.37,208.45,216.97,230.29,225.4,212.225
2014-03-31,208.45,216.97,230.29,225.4,212.225,207.52
2014-04-01,216.97,230.29,225.4,212.225,207.52,215.46
2014-04-02,230.29,225.4,212.225,207.52,215.46,216.93
2014-04-03,225.4,212.225,207.52,215.46,216.93,204.19
2014-04-04,212.225,207.52,215.46,216.93,204.19,203.78
2014-04-07,207.52,215.46,216.93,204.19,203.78,198.09
2014-04-08,215.46,216.93,204.19,203.78,198.09,193.91
2014-04-09,216.93,204.19,203.78,198.09,193.91,199.11
2014-04-10,204.19,203.78,198.09,193.91,199.11,198.12
2014-04-11,203.78,198.09,193.91,199.11,198.12,204.38
2014-04-14,198.09,193.91,199.11,198.12,204.38,218.64
2014-04-15,193.91,199.11,198.12,204.38,218.64,207.99
2014-04-16,199.11,198.12,204.38,218.64,207.99,207.86
2014-04-17,198.12,204.38,218.64,207.99,207.86,199.85
2014-04-21,204.38,218.64,207.99,207.86,199.85,198.51
2014-04-22,218.64,207.99,207.86,199.85,198.51,206.92
2014-04-23,207.99,207.86,199.85,198.51,206.92,207.89
2014-04-24,207.86,199.85,198.51,206.92,207.89,207.73
2014-04-25,199.85,198.51,206.92,207.89,207.73,210.91
2014-04-28,198.51,206.92,207.89,207.73,210.91,216.61
2014-04-29,206.92,207.89,207.73,210.91,216.61,207.28
2014-04-30,207.89,207.73,210.91,216.61,207.28,201.35
2014-05-01,207.73,210.91,216.61,207.28,201.35,178.59
2014-05-02,210.91,216.61,207.28,201.35,178.59,182.26
2014-05-05,216.61,207.28,201.35,178.59,182.26,184.67
2014-05-06,207.28,201.35,178.59,182.26,184.67,190.16
2014-05-07,201.35,178.59,182.26,184.67,190.16,190.62
2014-05-08,178.59,182.26,184.67,190.16,190.62,188.59
2014-05-09,182.26,184.67,190.16,190.62,188.59,191.56
2014-05-12,184.67,190.16,190.62,188.59,191.56,196.09
2014-05-13,190.16,190.62,188.59,191.56,196.09,195.3
2014-05-14,190.62,188.59,191.56,196.09,195.3,199.45
2014-05-15,188.59,191.56,196.09,195.3,199.45,204.88
2014-05-16,191.56,196.09,195.3,199.45,204.88,207.3
2014-05-19,196.09,195.3,199.45,204.88,207.3,211.56
2014-05-20,195.3,199.45,204.88,207.3,211.56,210.24
2014-05-21,199.45,204.88,207.3,211.56,210.24,210.24
2014-05-22,204.88,207.3,211.56,210.24,210.24,207.77
2014-05-23,207.3,211.56,210.24,210.24,207.77,204.7
2014-05-27,211.56,210.24,210.24,207.77,204.7,204.94
2014-05-28,210.24,210.24,207.77,204.7,204.94,203.99
2014-05-29,210.24,207.77,204.7,204.94,203.99,206.9
2014-05-30,207.77,204.7,204.94,203.99,206.9,208.171
2014-06-02,204.7,204.94,203.99,206.9,208.171,205.31
2014-06-03,204.94,203.99,206.9,208.171,205.31,202.3
2014-06-04,203.99,206.9,208.171,205.31,202.3,204.47
2014-06-05,206.9,208.171,205.31,202.3,204.47,203.52
2014-06-06,208.171,205.31,202.3,204.47,203.52,206.42
2014-06-09,205.31,202.3,204.47,203.52,206.42,224.61
2014-06-10,202.3,204.47,203.52,206.42,224.61,231.67
2014-06-11,204.47,203.52,206.42,224.61,231.67,227.12
2014-06-12,203.52,206.42,224.61,231.67,227.12,227.79
2014-06-13,206.42,224.61,231.67,227.12,227.79,229.59
2014-06-16,224.61,231.67,227.12,227.79,229.59,237.22
2014-06-17,231.67,227.12,227.79,229.59,237.22,232.5
2014-06-18,227.12,227.79,229.59,237.22,232.5,236.891
2014-06-19,227.79,229.59,237.22,232.5,236.891,235.6
2014-06-20,229.59,237.22,232.5,236.891,235.6,239.06
2014-06-23,237.22,232.5,236.891,235.6,239.06,240.06
2014-06-24,232.5,236.891,235.6,239.06,240.06,239.72
2014-06-25,236.891,235.6,239.06,240.06,239.72,229.425
2014-06-26,235.6,239.06,240.06,239.72,229.425,229.25
2014-06-27,239.06,240.06,239.72,229.425,229.25,222.66
2014-06-30,240.06,239.72,229.425,229.25,222.66,219.07
2014-07-01,239.72,229.425,229.25,222.66,219.07,223.06
2014-07-02,229.425,229.25,222.66,219.07,223.06,219.46
2014-07-03,229.25,222.66,219.07,223.06,219.46,218.13
2014-07-07,222.66,219.07,223.06,219.46,218.13,226.7
2014-07-08,219.07,223.06,219.46,218.13,226.7,219.58
2014-07-09,223.06,219.46,218.13,226.7,219.58,217.16
2014-07-10,219.46,218.13,226.7,219.58,217.16,215.4
2014-07-11,218.13,226.7,219.58,217.16,215.4,220.0201
2014-07-14,226.7,219.58,217.16,215.4,220.0201,220.54
2014-07-15,219.58,217.16,215.4,220.0201,220.54,219.58
2014-07-16,217.16,215.4,220.0201,220.54,219.58,222.49
2014-07-17,215.4,220.0201,220.54,219.58,222.49,223.54
2014-07-18,220.0201,220.54,219.58,222.49,223.54,223.57
2014-07-21,220.54,219.58,222.49,223.54,223.57,224.82
2014-07-22,219.58,222.49,223.54,223.57,224.82,225.01
2014-07-23,222.49,223.54,223.57,224.82,225.01,228.92
2014-07-24,223.54,223.57,224.82,225.01,228.92,223.3
2014-07-25,223.57,224.82,225.01,228.92,223.3,233.27
2014-07-28,224.82,225.01,228.92,223.3,233.27,238.52
2014-07-29,225.01,228.92,223.3,233.27,238.52,238.49
2014-07-30,228.92,223.3,233.27,238.52,238.49,248.9301
2014-07-31,223.3,233.27,238.52,238.49,248.9301,252.39
2014-08-01,233.27,238.52,238.49,248.9301,252.39,248.13
2014-08-04,238.52,238.49,248.9301,252.39,248.13,259.32
2014-08-05,238.49,248.9301,252.39,248.13,259.32,259.96
2014-08-06,248.9301,252.39,248.13,259.32,259.96,260.31
2014-08-07,252.39,248.13,259.32,259.96,260.31,261.38
2014-08-08,248.13,259.32,259.96,260.31,261.38,262.01
2014-08-11,259.32,259.96,260.31,261.38,262.01,259.94
2014-08-12,259.96,260.31,261.38,262.01,259.94,256.76
2014-08-13,260.31,261.38,262.01,259.94,256.76,255.71
2014-08-14,261.38,262.01,259.94,256.76,255.71,254.34
2014-08-15,262.01,259.94,256.76,255.71,254.34,256.78
2014-08-18,259.94,256.76,255.71,254.34,256.78,262.55
2014-08-19,256.76,255.71,254.34,256.78,262.55,261.74
2014-08-20,255.71,254.34,256.78,262.55,261.74,263.25
2014-08-21,254.34,256.78,262.55,261.74,263.25,263.86
2014-08-22,256.78,262.55,261.74,263.25,263.86,269.7
2014-08-25,262.55,261.74,263.25,263.86,269.7,284.12
2014-08-26,261.74,263.25,263.86,269.7,284.12,281.19
2014-08-27,263.25,263.86,269.7,284.12,281.19,286.04
2014-08-28,263.86,269.7,284.12,281.19,286.04,277.39
2014-08-29,269.7,284.12,281.19,286.04,277.39,282.11
2014-09-02,284.12,281.19,286.04,277.39,282.11,278.48
2014-09-03,281.19,286.04,277.39,282.11,278.48,281.1
2014-09-04,286.04,277.39,282.11,278.48,281.1,280.31
2014-09-05,277.39,282.11,278.48,281.1,280.31,279.2
2014-09-08,282.11,278.48,281.1,280.31,279.2,253.86
2014-09-09,278.48,281.1,280.31,279.2,253.86,260.74
2014-09-10,281.1,280.31,279.2,253.86,260.74,261.38
2014-09-11,280.31,279.2,253.86,260.74,261.38,263.82
2014-09-12,279.2,253.86,260.74,261.38,263.82,259.32
2014-09-15,253.86,260.74,261.38,263.82,259.32,250.03
2014-09-16,260.74,261.38,263.82,259.32,250.03,250.41
2014-09-17,261.38,263.82,259.32,250.03,250.41,252.14
2014-09-18,263.82,259.32,250.03,250.41,252.14,246.95
2014-09-19,259.32,250.03,250.41,252.14,246.95,246.6
2014-09-22,250.03,250.41,252.14,246.95,246.6,245.26
2014-09-23,250.41,252.14,246.95,246.6,245.26,242.68
2014-09-24,252.14,246.95,246.6,245.26,242.68,240.24
2014-09-25,246.95,246.6,245.26,242.68,240.24,251.42
2014-09-26,246.6,245.26,242.68,240.24,251.42,255.21
2014-09-29,245.26,242.68,240.24,251.42,255.21,260.62
2014-09-30,242.68,240.24,251.42,255.21,260.62,259.57
2014-10-01,240.24,251.42,255.21,260.62,259.57,259.28
2014-10-02,251.42,255.21,260.62,259.57,259.28,257.01
2014-10-03,255.21,260.62,259.57,259.28,257.01,236.91
2014-10-06,260.62,259.57,259.28,257.01,236.91,224.59
2014-10-07,259.57,259.28,257.01,236.91,224.59,227.06
2014-10-08,259.28,257.01,236.91,224.59,227.06,229.7
2014-10-09,257.01,236.91,224.59,227.06,229.7,226.35
2014-10-10,236.91,224.59,227.06,229.7,226.35,227.48
2014-10-13,224.59,227.06,229.7,226.35,227.48,230.47
2014-10-14,227.06,229.7,226.35,227.48,230.47,235.34
2014-10-15,229.7,226.35,227.48,230.47,235.34,231.1
2014-10-16,226.35,227.48,230.47,235.34,231.1,235.29
2014-10-17,227.48,230.47,235.34,231.1,235.29,235.24
2014-10-20,230.47,235.34,231.1,235.29,235.24,221.67
2014-10-21,235.34,231.1,235.29,235.24,221.67,242.77
2014-10-22,231.1,235.29,235.24,221.67,242.77,238.1
2014-10-23,235.29,235.24,221.67,242.77,238.1,238.66
2014-10-24,235.24,221.67,242.77,238.1,238.66,241.7
2014-10-27,221.67,242.77,238.1,238.66,241.7,242.59
2014-10-28,242.77,238.1,238.66,241.7,242.59,238.93
2014-10-29,238.1,238.66,241.7,242.59,238.93,230.97
2014-10-30,238.66,241.7,242.59,238.93,230.97,241.22
2014-10-31,241.7,242.59,238.93,230.97,241.22,240.2
2014-11-03,242.59,238.93,230.97,241.22,240.2,241.93
2014-11-04,238.93,230.97,241.22,240.2,241.93,251.08
2014-11-05,230.97,241.22,240.2,241.93,251.08,249.1
2014-11-06,241.22,240.2,241.93,251.08,249.1,251.7
2014-11-07,240.2,241.93,251.08,249.1,251.7,258.68
2014-11-10,241.93,251.08,249.1,251.7,258.68,253.98
2014-11-11,251.08,249.1,251.7,258.68,253.98,257.7
2014-11-12,249.1,251.7,258.68,253.98,257.7,247.74
2014-11-13,251.7,258.68,253.98,257.7,247.74,248.71
2014-11-14,258.68,253.98,257.7,247.74,248.71,242.78
2014-11-17,253.98,257.7,247.74,248.71,242.78,246.72
2014-11-18,257.7,247.74,248.71,242.78,246.72,248.09
2014-11-19,247.74,248.71,242.78,246.72,248.09,248.44
2014-11-20,248.71,242.78,246.72,248.09,248.44,244.52
2014-11-21,242.78,246.72,248.09,248.44,244.52,231.64
2014-11-24,246.72,248.09,248.44,244.52,231.64,231.43
2014-11-25,248.09,248.44,244.52,231.64,231.43,229.3
2014-11-26,248.44,244.52,231.64,231.43,229.3,228.28
2014-11-28,244.52,231.64,231.43,229.3,228.28,223.71
2014-12-01,231.64,231.43,229.3,228.28,223.71,214.36
2014-12-02,231.43,229.3,228.28,223.71,214.36,216.89
2014-12-03,229.3,228.28,223.71,214.36,216.89,209.84
2014-12-04,228.28,223.71,214.36,216.89,209.84,208.88
2014-12-05,223.71,214.36,216.89,209.84,208.88,207.0
2014-12-08,214.36,216.89,209.84,208.88,207.0,204.04
2014-12-09,216.89,209.84,208.88,207.0,204.04,197.81
2014-12-10,209.84,208.88,207.0,204.04,197.81,205.82
2014-12-11,208.88,207.0,204.04,197.81,205.82,218.26
2014-12-12,207.0,204.04,197.81,205.82,218.26,219.29
2014-12-15,204.04,197.81,205.82,218.26,219.29,222.6
2014-12-16,197.81,205.82,218.26,219.29,222.6,220.97
2014-12-17,205.82,218.26,219.29,222.6,220.97,222.26
2014-12-18,218.26,219.29,222.6,220.97,222.26,227.82
2014-12-19,219.29,222.6,220.97,222.26,227.82,225.71
2014-12-22,222.6,220.97,222.26,227.82,225.71,222.23
2014-12-23,220.97,222.26,227.82,225.71,222.23,222.41
2014-12-24,222.26,227.82,225.71,222.23,222.41,219.31
2014-12-26,227.82,225.71,222.23,222.41,219.31,210.09
2014-12-29,225.71,222.23,222.41,219.31,210.09,211.28
2014-12-30,222.23,222.41,219.31,210.09,211.28,210.95
2014-12-31,222.41,219.31,210.09,211.28,210.95,210.615
2015-01-02,219.31,210.09,211.28,210.95,210.615,206.66
2015-01-05,210.09,211.28,210.95,210.615,206.66,202.21
2015-01-06,211.28,210.95,210.615,206.66,202.21,204.25
2015-01-07,210.95,210.615,206.66,202.21,204.25,192.69
2015-01-08,210.615,206.66,202.21,204.25,192.69,191.87
2015-01-09,206.66,202.21,204.25,192.69,191.87,193.07
2015-01-12,202.21,204.25,192.69,191.87,193.07,191.93
2015-01-13,204.25,192.69,191.87,193.07,191.93,196.57
2015-01-14,192.69,191.87,193.07,191.93,196.57,201.62
2015-01-15,191.87,193.07,191.93,196.57,201.62,201.29
2015-01-16,193.07,191.93,196.57,201.62,201.29,206.55
2015-01-20,191.93,196.57,201.62,201.29,206.55,205.98
2015-01-21,196.57,201.62,201.29,206.55,205.98,199.37
2015-01-22,201.62,201.29,206.55,205.98,199.37,205.2
2015-01-23,201.29,206.55,205.98,199.37,205.2,203.6
2015-01-26,206.55,205.98,199.37,205.2,203.6,210.94
2015-01-27,205.98,199.37,205.2,203.6,210.94,218.36
2015-01-28,199.37,205.2,203.6,210.94,218.36,218.55
2015-01-29,205.2,203.6,210.94,218.36,218.55,220.99
2015-01-30,203.6,210.94,218.36,218.55,220.99,217.36
2015-02-02,210.94,218.36,218.55,220.99,217.36,217.48
2015-02-03,218.36,218.55,220.99,217.36,217.48,216.29
2015-02-04,218.55,220.99,217.36,217.48,216.29,212.8
2015-02-05,220.99,217.36,217.48,216.29,212.8,202.88
2015-02-06,217.36,217.48,216.29,212.8,202.88,203.77
2015-02-09,217.48,216.29,212.8,202.88,203.77,204.35
2015-02-10,216.29,212.8,202.88,203.77,204.35,204.46
2015-02-11,212.8,202.88,203.77,204.35,204.46,211.705
2015-02-12,202.88,203.77,204.35,204.46,211.705,217.11
2015-02-13,203.77,204.35,204.46,211.705,217.11,207.335
2015-02-17,204.35,204.46,211.705,217.11,207.335,204.11
2015-02-18,204.46,211.705,217.11,207.335,204.11,203.76
2015-02-19,211.705,217.11,207.335,204.11,203.76,207.19
2015-02-20,217.11,207.335,204.11,203.76,207.19,203.34
2015-02-23,207.335,204.11,203.76,207.19,203.34,197.325
2015-02-24,204.11,203.76,207.19,203.34,197.325,199.56
2015-02-25,203.76,207.19,203.34,197.325,199.56,202.435
2015-02-26,207.19,203.34,197.325,199.56,202.435,200.63
2015-02-27,203.34,197.325,199.56,202.435,200.63,193.88
2015-03-02,197.325,199.56,202.435,200.63,193.88,190.88
2015-03-03,199.56,202.435,200.63,193.88,190.88,190.32
2015-03-04,202.435,200.63,193.88,190.88,190.32,193.74
2015-03-05,200.63,193.88,190.88,190.32,193.74,191.07
2015-03-06,193.88,190.88,190.32,193.74,191.07,188.68
2015-03-09,190.88,190.32,193.74,191.07,188.68,195.7
2015-03-10,190.32,193.74,191.07,188.68,195.7,194.73
2015-03-11,193.74,191.07,188.68,195.7,194.73,200.71
2015-03-12,191.07,188.68,195.7,194.73,200.71,195.65
2015-03-13,188.68,195.7,194.73,200.71,195.65,198.08
2015-03-16,195.7,194.73,200.71,195.65,198.08,199.63
2015-03-17,194.73,200.71,195.65,198.08,199.63,201.72
2015-03-18,200.71,195.65,198.08,199.63,201.72,194.3
2015-03-19,195.65,198.08,199.63,201.72,194.3,190.405
2015-03-20,198.08,199.63,201.72,194.3,190.405,185.0
2015-03-23,199.63,201.72,194.3,190.405,185.0,190.57
2015-03-24,201.72,194.3,190.405,185.0,190.57,188.77
2015-03-25,194.3,190.405,185.0,190.57,188.77,187.59
2015-03-26,190.405,185.0,190.57,188.77,187.59,191.0
2015-03-27,185.0,190.57,188.77,187.59,191.0,203.1
2015-03-30,190.57,188.77,187.59,191.0,203.1,203.25
2015-03-31,188.77,187.59,191.0,203.1,203.25,207.67
2015-04-01,187.59,191.0,203.1,203.25,207.67,210.09
2015-04-02,191.0,203.1,203.25,207.67,210.09,210.9
2015-04-06,203.1,203.25,207.67,210.09,210.9,209.78
2015-04-07,203.25,207.67,210.09,210.9,209.78,207.46
2015-04-08,207.67,210.09,210.9,209.78,207.46,207.83
2015-04-09,210.09,210.9,209.78,207.46,207.83,206.7
2015-04-10,210.9,209.78,207.46,207.83,206.7,206.79
2015-04-13,209.78,207.46,207.83,206.7,206.79,205.27
2015-04-14,207.46,207.83,206.7,206.79,205.27,209.41
2015-04-15,207.83,206.7,206.79,205.27,209.41,219.44
2015-04-16,206.7,206.79,205.27,209.41,219.44,218.6
2015-04-17,206.79,205.27,209.41,219.44,218.6,218.425
2015-04-20,205.27,209.41,219.44,218.6,218.425,231.55
2015-04-21,209.41,219.44,218.6,218.425,231.55,230.48
2015-04-22,219.44,218.6,218.425,231.55,230.48,232.45
2015-04-23,218.6,218.425,231.55,230.48,232.45,226.05
2015-04-24,218.425,231.55,230.48,232.45,226.05,226.03
2015-04-27,231.55,230.48,232.45,226.05,226.03,230.51
2015-04-28,230.48,232.45,226.05,226.03,230.51,232.95
2015-04-29,232.45,226.05,226.03,230.51,232.95,230.43
2015-04-30,226.05,226.03,230.51,232.95,230.43,236.8
2015-05-01,226.03,230.51,232.95,230.43,236.8,236.61
2015-05-04,230.51,232.95,230.43,236.8,236.61,239.49
2015-05-05,232.95,230.43,236.8,236.61,239.49,244.74
2015-05-06,230.43,236.8,236.61,239.49,244.74,243.18
2015-05-07,236.8,236.61,239.49,244.74,243.18,244.1
2015-05-08,236.61,239.49,244.74,243.18,244.1,248.84
2015-05-11,239.49,244.74,243.18,244.1,248.84,248.75
2015-05-12,244.74,243.18,244.1,248.84,248.75,247.14
2015-05-13,243.18,244.1,248.84,248.75,247.14,244.35
2015-05-14,244.1,248.84,248.75,247.14,244.35,245.62
2015-05-15,248.84,248.75,247.14,244.35,245.62,247.73
2015-05-18,248.75,247.14,244.35,245.62,247.73,247.455
2015-05-19,247.14,244.35,245.62,247.73,247.455,247.43
2015-05-20,244.35,245.62,247.73,247.455,247.43,251.45
2015-05-21,245.62,247.73,247.455,247.43,251.45,250.8
2015-05-22,247.73,247.455,247.43,251.45,250.8,249.45
2015-05-26,247.455,247.43,251.45,250.8,249.45,248.35
2015-05-27,247.43,251.45,250.8,249.45,248.35,248.99
2015-05-28,251.45,250.8,249.45,248.35,248.99,245.92
2015-05-29,250.8,249.45,248.35,248.99,245.92,249.14
2015-06-01,249.45,248.35,248.99,245.92,249.14,256.29
2015-06-02,248.35,248.99,245.92,249.14,256.29,256.0
2015-06-03,248.99,245.92,249.14,256.29,256.0,250.7
2015-06-04,245.92,249.14,256.29,256.0,250.7,251.41
2015-06-05,249.14,256.29,256.0,250.7,251.41,250.69
2015-06-08,256.29,256.0,250.7,251.41,250.69,250.38
2015-06-09,256.0,250.7,251.41,250.69,250.38,253.12
2015-06-10,250.7,251.41,250.69,250.38,253.12,260.41
2015-06-11,251.41,250.69,250.38,253.12,260.41,261.89
2015-06-12,250.69,250.38,253.12,260.41,261.89,262.51
2015-06-15,250.38,253.12,260.41,261.89,262.51,259.79
2015-06-16,253.12,260.41,261.89,262.51,259.79,267.67
2015-06-17,260.41,261.89,262.51,259.79,267.67,265.17
2015-06-18,261.89,262.51,259.79,267.67,265.17,268.79
2015-06-19,262.51,259.79,267.67,265.17,268.79,267.09
2015-06-22,259.79,267.67,265.17,268.79,267.09,262.02
2015-06-23,267.67,265.17,268.79,267.09,262.02,268.26
2015-06-24,265.17,268.79,267.09,262.02,268.26,269.15
2015-06-25,268.79,267.09,262.02,268.26,269.15,280.02
2015-06-26,267.09,262.02,268.26,269.15,280.02,279.72
2015-06-29,262.02,268.26,269.15,280.02,279.72,267.88
2015-06-30,268.26,269.15,280.02,279.72,267.88,254.96
2015-07-01,269.15,280.02,279.72,267.88,254.96,257.92
2015-07-02,280.02,279.72,267.88,254.96,257.92,259.15
2015-07-06,279.72,267.88,254.96,257.92,259.15,262.16
2015-07-07,267.88,254.96,257.92,259.15,262.16,265.65
2015-07-08,254.96,257.92,259.15,262.16,265.65,263.14
2015-07-09,257.92,259.15,262.16,265.65,263.14,266.68
2015-07-10,259.15,262.16,265.65,263.14,266.68,274.66
2015-07-13,262.16,265.65,263.14,266.68,274.66,282.26
2015-07-14,265.65,263.14,266.68,274.66,282.26,266.77
2015-07-15,263.14,266.68,274.66,282.26,266.77,267.87
2015-07-16,266.68,274.66,282.26,266.77,267.87,267.2
2015-07-17,274.66,282.26,266.77,267.87,267.2,265.41
2015-07-20,282.26,266.77,267.87,267.2,265.41,253.01
2015-07-21,266.77,267.87,267.2,265.41,253.01,264.82
2015-07-22,267.87,267.2,265.41,253.01,264.82,263.82
2015-07-23,267.2,265.41,253.01,264.82,263.82,266.79
2015-07-24,265.41,253.01,264.82,263.82,266.79,266.15
2015-07-27,253.01,264.82,263.82,266.79,266.15,259.99
2015-07-28,264.82,263.82,266.79,266.15,259.99,266.28
2015-07-29,263.82,266.79,266.15,259.99,266.28,270.13
2015-07-30,266.79,266.15,259.99,266.28,270.13,246.13
2015-07-31,266.15,259.99,266.28,270.13,246.13,242.51
2015-08-03,259.99,266.28,270.13,246.13,242.51,241.14
2015-08-04,266.28,270.13,246.13,242.51,241.14,237.37
2015-08-05,270.13,246.13,242.51,241.14,237.37,238.17
2015-08-06,246.13,242.51,241.14,237.37,238.17,242.51
2015-08-07,242.51,241.14,237.37,238.17,242.51,243.15
2015-08-10,241.14,237.37,238.17,242.51,243.15,254.99
2015-08-11,237.37,238.17,242.51,243.15,254.99,260.72
2015-08-12,238.17,242.51,243.15,254.99,260.72,255.25
2015-08-13,242.51,243.15,254.99,260.72,255.25,242.18
2015-08-14,243.15,254.99,260.72,255.25,242.18,230.77
2015-08-17,254.99,260.72,255.25,242.18,230.77,218.87
2015-08-18,260.72,255.25,242.18,230.77,218.87,220.03
2015-08-19,255.25,242.18,230.77,218.87,220.03,224.84
2015-08-20,242.18,230.77,218.87,220.03,224.84,242.99
2015-08-21,230.77,218.87,220.03,224.84,242.99,248.48
2015-08-24,218.87,220.03,224.84,242.99,248.48,249.06
2015-08-25,220.03,224.84,242.99,248.48,249.06,238.63
2015-08-26,224.84,242.99,248.48,249.06,238.63,247.69
2015-08-27,242.99,248.48,249.06,238.63,247.69,245.57
2015-08-28,248.48,249.06,238.63,247.69,245.57,241.93
2015-08-31,249.06,238.63,247.69,245.57,241.93,248.17
2015-09-01,238.63,247.69,245.57,241.93,248.17,248.91
2015-09-02,247.69,245.57,241.93,248.17,248.91,248.48
2015-09-03,245.57,241.93,248.17,248.91,248.48,250.24
2015-09-04,241.93,248.17,248.91,248.48,250.24,253.19
2015-09-08,248.17,248.91,248.48,250.24,253.19,253.57
2015-09-09,248.91,248.48,250.24,253.19,253.57,262.25
2015-09-10,248.48,250.24,253.19,253.57,262.25,262.07
2015-09-11,250.24,253.19,253.57,262.25,262.07,260.62
2015-09-14,253.19,253.57,262.25,262.07,260.62,264.2
2015-09-15,253.57,262.25,262.07,260.62,264.2,260.94
2015-09-16,262.25,262.07,260.62,264.2,260.94,261.06
2015-09-17,262.07,260.62,264.2,260.94,261.06,263.12
2015-09-18,260.62,264.2,260.94,261.06,263.12,256.91
2015-09-21,264.2,260.94,261.06,263.12,256.91,248.43
2015-09-22,260.94,261.06,263.12,256.91,248.43,246.65
2015-09-23,261.06,263.12,256.91,248.43,246.65,248.4
2015-09-24,263.12,256.91,248.43,246.65,248.4,239.88
2015-09-25,256.91,248.43,246.65,248.4,239.88,247.57
2015-09-28,248.43,246.65,248.4,239.88,247.57,246.15
2015-09-29,246.65,248.4,239.88,247.57,246.15,241.46
2015-09-30,248.4,239.88,247.57,246.15,241.46,231.96
2015-10-01,239.88,247.57,246.15,241.46,231.96,226.72
2015-10-02,247.57,246.15,241.46,231.96,226.72,220.69
2015-10-05,246.15,241.46,231.96,226.72,220.69,215.58
2015-10-06,241.46,231.96,226.72,220.69,215.58,219.25
2015-10-07,231.96,226.72,220.69,215.58,219.25,216.88
2015-10-08,226.72,220.69,215.58,219.25,216.88,221.31
2015-10-09,220.69,215.58,219.25,216.88,221.31,227.01
2015-10-12,215.58,219.25,216.88,221.31,227.01,228.1
2015-10-13,219.25,216.88,221.31,227.01,228.1,213.03
2015-10-14,216.88,221.31,227.01,228.1,213.03,210.09
2015-10-15,221.31,227.01,228.1,213.03,210.09,211.72
2015-10-16,227.01,228.1,213.03,210.09,211.72,209.09
2015-10-19,228.1,213.03,210.09,211.72,209.09,215.26
2015-10-20,213.03,210.09,211.72,209.09,215.26,210.35
2015-10-21,210.09,211.72,209.09,215.26,210.35,212.96
2015-10-22,211.72,209.09,215.26,210.35,212.96,211.63
2015-10-23,209.09,215.26,210.35,212.96,211.63,206.93
2015-10-26,215.26,210.35,212.96,211.63,206.93,213.79
2015-10-27,210.35,212.96,211.63,206.93,213.79,208.35
2015-10-28,212.96,211.63,206.93,213.79,208.35,231.63
2015-10-29,211.63,206.93,213.79,208.35,231.63,231.77
2015-10-30,206.93,213.79,208.35,231.63,231.77,232.36
2015-11-02,213.79,208.35,231.63,231.77,232.36,225.33
2015-11-03,208.35,231.63,231.77,232.36,225.33,216.5
2015-11-04,231.63,231.77,232.36,225.33,216.5,219.08
2015-11-05,231.77,232.36,225.33,216.5,219.08,212.94
2015-11-06,232.36,225.33,216.5,219.08,212.94,207.19
2015-11-09,225.33,216.5,219.08,212.94,207.19,214.31
2015-11-10,216.5,219.08,212.94,207.19,214.31,214.0
2015-11-11,219.08,212.94,207.19,214.31,214.0,221.07
2015-11-12,212.94,207.19,214.31,214.0,221.07,221.8
2015-11-13,207.19,214.31,214.0,221.07,221.8,220.01
2015-11-16,214.31,214.0,221.07,221.8,220.01,217.75
2015-11-17,214.0,221.07,221.8,220.01,217.75,218.25
2015-11-18,221.07,221.8,220.01,217.75,218.25,229.64
2015-11-19,221.8,220.01,217.75,218.25,229.64,231.61
2015-11-20,220.01,217.75,218.25,229.64,231.61,230.26
2015-11-23,217.75,218.25,229.64,231.61,230.26,237.19
2015-11-24,218.25,229.64,231.61,230.26,237.19,231.99
2015-11-25,229.64,231.61,230.26,237.19,231.99,232.71
2015-11-27,231.61,230.26,237.19,231.99,232.71,230.38
2015-11-30,230.26,237.19,231.99,232.71,230.38,231.13
2015-12-01,237.19,231.99,232.71,230.38,231.13,226.72
2015-12-02,231.99,232.71,230.38,231.13,226.72,224.52
2015-12-03,232.71,230.38,231.13,226.72,224.52,227.07
2015-12-04,230.38,231.13,226.72,224.52,227.07,217.02
2015-12-07,231.13,226.72,224.52,227.07,217.02,218.58
2015-12-08,226.72,224.52,227.07,217.02,218.58,221.09
2015-12-09,224.52,227.07,217.02,218.58,221.09,234.51
2015-12-10,227.07,217.02,218.58,221.09,234.51,233.39
2015-12-11,217.02,218.58,221.09,234.51,233.39,230.46
2015-12-14,218.58,221.09,234.51,233.39,230.46,232.56
2015-12-15,221.09,234.51,233.39,230.46,232.56,229.95
2015-12-16,234.51,233.39,230.46,232.56,229.95,229.7
2015-12-17,233.39,230.46,232.56,229.95,229.7,230.57
2015-12-18,230.46,232.56,229.95,229.7,230.57,228.95
2015-12-21,232.56,229.95,229.7,230.57,228.95,237.19
2015-12-22,229.95,229.7,230.57,228.95,237.19,238.09
2015-12-23,229.7,230.57,228.95,237.19,238.09,240.01
2015-12-24,230.57,228.95,237.19,238.09,240.01,223.41
2015-12-28,228.95,237.19,238.09,240.01,223.41,223.43
2015-12-29,237.19,238.09,240.01,223.41,223.43,219.04
2015-12-30,238.09,240.01,223.41,223.43,219.04,215.65
2015-12-31,240.01,223.41,223.43,219.04,215.65,211.0
2016-01-04,223.41,223.43,219.04,215.65,211.0,207.85
2016-01-05,223.43,219.04,215.65,211.0,207.85,209.97
2016-01-06,219.04,215.65,211.0,207.85,209.97,200.31
2016-01-07,215.65,211.0,207.85,209.97,200.31,206.18
2016-01-08,211.0,207.85,209.97,200.31,206.18,204.99
2016-01-11,207.85,209.97,200.31,206.18,204.99,204.72
2016-01-12,209.97,200.31,206.18,204.99,204.72,198.7
2016-01-13,200.31,206.18,204.99,204.72,198.7,199.97
2016-01-14,206.18,204.99,204.72,198.7,199.97,202.55
2016-01-15,204.99,204.72,198.7,199.97,202.55,196.38
2016-01-19,204.72,198.7,199.97,202.55,196.38,193.56
2016-01-20,198.7,199.97,202.55,196.38,193.56,188.07
2016-01-21,199.97,202.55,196.38,193.56,188.07,189.7
2016-01-22,202.55,196.38,193.56,188.07,189.7,191.2
2016-01-25,196.38,193.56,188.07,189.7,191.2,196.94
2016-01-26,193.56,188.07,189.7,191.2,196.94,182.78
2016-01-27,188.07,189.7,191.2,196.94,182.78,173.48
2016-01-28,189.7,191.2,196.94,182.78,173.48,175.33
2016-01-29,191.2,196.94,182.78,173.48,175.33,162.6
2016-02-01,196.94,182.78,173.48,175.33,162.6,147.99
2016-02-02,182.78,173.48,175.33,162.6,147.99,148.25
2016-02-03,173.48,175.33,162.6,147.99,148.25,143.67
2016-02-04,175.33,162.6,147.99,148.25,143.67,150.47
2016-02-05,162.6,147.99,148.25,143.67,150.47,151.04
2016-02-08,147.99,148.25,143.67,150.47,151.04,155.17
2016-02-09,148.25,143.67,150.47,151.04,155.17,168.68
2016-02-10,143.67,150.47,151.04,155.17,168.68,166.77
2016-02-11,150.47,151.04,155.17,168.68,166.77,166.58
2016-02-12,151.04,155.17,168.68,166.77,166.58,177.74
2016-02-16,155.17,168.68,166.77,166.58,177.74,177.21
2016-02-17,168.68,166.77,166.58,177.74,177.21,179.0
2016-02-18,166.77,166.58,177.74,177.21,179.0,187.43
2016-02-19,166.58,177.74,177.21,179.0,187.43,190.34
2016-02-22,177.74,177.21,179.0,187.43,190.34,191.93
2016-02-23,177.21,179.0,187.43,190.34,191.93,186.35
2016-02-24,179.0,187.43,190.34,191.93,186.35,188.34
2016-02-25,187.43,190.34,191.93,186.35,188.34,195.74
2016-02-26,190.34,191.93,186.35,188.34,195.74,201.04
2016-02-29,191.93,186.35,188.34,195.74,201.04,205.29
2016-03-01,186.35,188.34,195.74,201.04,205.29,202.6
2016-03-02,188.34,195.74,201.04,205.29,202.6,208.72
2016-03-03,195.74,201.04,205.29,202.6,208.72,205.18
2016-03-04,201.04,205.29,202.6,208.72,205.18,207.5
2016-03-07,205.29,202.6,208.72,205.18,207.5,215.15
2016-03-08,202.6,208.72,205.18,207.5,215.15,218.34
2016-03-09,208.72,205.18,207.5,215.15,218.34,221.93
2016-03-10,205.18,207.5,215.15,218.34,221.93,226.38
2016-03-11,207.5,215.15,218.34,221.93,226.38,232.74
2016-03-14,215.15,218.34,221.93,226.38,232.74,238.32
2016-03-15,218.34,221.93,226.38,232.74,238.32,234.24
2016-03-16,221.93,226.38,232.74,238.32,234.24,222.58
2016-03-17,226.38,232.74,238.32,234.24,222.58,227.75
2016-03-18,232.74,238.32,234.24,222.58,227.75,230.26
2016-03-21,238.32,234.24,222.58,227.75,230.26,230.13
2016-03-22,234.24,222.58,227.75,230.26,230.13,226.89
2016-03-23,222.58,227.75,230.26,230.13,226.89,229.77
2016-03-24,227.75,230.26,230.13,226.89,229.77,237.59
2016-03-28,230.26,230.13,226.89,229.77,237.59,246.99
2016-03-29,230.13,226.89,229.77,237.59,246.99,255.47
2016-03-30,226.89,229.77,237.59,246.99,255.47,265.42
2016-03-31,229.77,237.59,246.99,255.47,265.42,257.2
2016-04-01,237.59,246.99,255.47,265.42,257.2,250.07
2016-04-04,246.99,255.47,265.42,257.2,250.07,249.92
2016-04-05,255.47,265.42,257.2,250.07,249.92,247.82
2016-04-06,265.42,257.2,250.07,249.92,247.82,254.53
2016-04-07,257.2,250.07,249.92,247.82,254.53,251.86
2016-04-08,250.07,249.92,247.82,254.53,251.86,254.51
2016-04-11,249.92,247.82,254.53,251.86,254.51,253.88
2016-04-12,247.82,254.53,251.86,254.51,253.88,247.37
2016-04-13,254.53,251.86,254.51,253.88,247.37,249.97
2016-04-14,251.86,254.51,253.88,247.37,249.97,248.29
2016-04-15,254.51,253.88,247.37,249.97,248.29,253.75
2016-04-18,253.88,247.37,249.97,248.29,253.75,251.82
2016-04-19,247.37,249.97,248.29,253.75,251.82,253.74
2016-04-20,249.97,248.29,253.75,251.82,253.74,251.47
2016-04-21,248.29,253.75,251.82,253.74,251.47,247.71
2016-04-22,253.75,251.82,253.74,251.47,247.71,240.76
2016-04-25,251.82,253.74,251.47,247.71,240.76,241.8
2016-04-26,253.74,251.47,247.71,240.76,241.8,232.32
2016-04-27,251.47,247.71,240.76,241.8,232.32,222.56
2016-04-28,247.71,240.76,241.8,232.32,222.56,211.53
2016-04-29,240.76,241.8,232.32,222.56,211.53,214.93
2016-05-02,241.8,232.32,222.56,211.53,214.93,208.92
2016-05-03,232.32,222.56,211.53,214.93,208.92,208.69
2016-05-04,222.56,211.53,214.93,208.92,208.69,208.96
2016-05-05,211.53,214.93,208.92,208.69,208.96,207.28
2016-05-06,214.93,208.92,208.69,208.96,207.28,207.61
2016-05-09,208.92,208.69,208.96,207.28,207.61,208.29
2016-05-10,208.69,208.96,207.28,207.61,208.29,204.66
2016-05-11,208.96,207.28,207.61,208.29,204.66,211.17
2016-05-12,207.28,207.61,208.29,204.66,211.17,215.21
2016-05-13,207.61,208.29,204.66,211.17,215.21,220.28
2016-05-16,208.29,204.66,211.17,215.21,220.28,216.22
2016-05-17,204.66,211.17,215.21,220.28,216.22,217.91
2016-05-18,211.17,215.21,220.28,216.22,217.91,219.58
2016-05-19,215.21,220.28,216.22,217.91,219.58,225.12
2016-05-20,220.28,216.22,217.91,219.58,225.12,223.04
2016-05-23,216.22,217.91,219.58,225.12,223.04,223.23
2016-05-24,217.91,219.58,225.12,223.04,223.23,219.56
2016-05-25,219.58,225.12,223.04,223.23,219.56,218.96
2016-05-26,225.12,223.04,223.23,219.56,218.96,218.99
2016-05-27,223.04,223.23,219.56,218.96,218.99,220.68
2016-05-31,223.23,219.56,218.96,218.99,220.68,232.34
2016-06-01,219.56,218.96,218.99,220.68,232.34,235.52
2016-06-02,218.96,218.99,220.68,232.34,235.52,229.36
2016-06-03,218.99,220.68,232.34,235.52,229.36,218.79
2016-06-06,220.68,232.34,235.52,229.36,218.79,217.87
2016-06-07,232.34,235.52,229.36,218.79,217.87,214.96
2016-06-08,235.52,229.36,218.79,217.87,214.96,217.7
2016-06-09,229.36,218.79,217.87,214.96,217.7,217.93
2016-06-10,218.79,217.87,214.96,217.7,217.93,215.47
2016-06-13,217.87,214.96,217.7,217.93,215.47,219.7
2016-06-14,214.96,217.7,217.93,215.47,219.7,219.61
2016-06-15,217.7,217.93,215.47,219.7,219.61,196.66
2016-06-16,217.93,215.47,219.7,219.61,196.66,196.4
2016-06-17,215.47,219.7,219.61,196.66,196.4,193.15
2016-06-20,219.7,219.61,196.66,196.4,193.15,198.55
2016-06-21,219.61,196.66,196.4,193.15,198.55,201.79
2016-06-22,196.66,196.4,193.15,198.55,201.79,210.19
2016-06-23,196.4,193.15,198.55,201.79,210.19,212.28
2016-06-24,193.15,198.55,201.79,210.19,212.28,216.5
2016-06-27,198.55,201.79,210.19,212.28,216.5,213.98
2016-06-28,201.79,210.19,212.28,216.5,213.98,214.44
2016-06-29,210.19,212.28,216.5,213.98,214.44,215.94
2016-06-30,212.28,216.5,213.98,214.44,215.94,216.78
2016-07-01,216.5,213.98,214.44,215.94,216.78,224.78
2016-07-05,213.98,214.44,215.94,216.78,224.78,224.65
2016-07-06,214.44,215.94,216.78,224.78,224.65,222.53
2016-07-07,215.94,216.78,224.78,224.65,222.53,221.53
2016-07-08,216.78,224.78,224.65,222.53,221.53,220.4
2016-07-11,224.78,224.65,222.53,221.53,220.4,226.25
2016-07-12,224.65,222.53,221.53,220.4,226.25,225.26
2016-07-13,222.53,221.53,220.4,226.25,225.26,228.36
2016-07-14,221.53,220.4,226.25,225.26,228.36,220.5
2016-07-15,220.4,226.25,225.26,228.36,220.5,222.27
2016-07-18,226.25,225.26,228.36,220.5,222.27,230.01
2016-07-19,225.26,228.36,220.5,222.27,230.01,229.51
2016-07-20,228.36,220.5,222.27,230.01,229.51,228.49
2016-07-21,220.5,222.27,230.01,229.51,228.49,230.61
2016-07-22,222.27,230.01,229.51,228.49,230.61,234.79
2016-07-25,230.01,229.51,228.49,230.61,234.79,230.01
2016-07-26,229.51,228.49,230.61,234.79,230.01,227.2
2016-07-27,228.49,230.61,234.79,230.01,227.2,225.79
2016-07-28,230.61,234.79,230.01,227.2,225.79,230.61
2016-07-29,234.79,230.01,227.2,225.79,230.61,230.03
2016-08-01,230.01,227.2,225.79,230.61,230.03,226.16
2016-08-02,227.2,225.79,230.61,230.03,226.16,229.08
2016-08-03,225.79,230.61,230.03,226.16,229.08,225.65
2016-08-04,230.61,230.03,226.16,229.08,225.65,224.91
2016-08-05,230.03,226.16,229.08,225.65,224.91,225.61
2016-08-08,226.16,229.08,225.65,224.91,225.61,225.59
2016-08-09,229.08,225.65,224.91,225.61,225.59,223.61
2016-08-10,225.65,224.91,225.61,225.59,223.61,223.24
2016-08-11,224.91,225.61,225.59,223.61,223.24,223.51
2016-08-12,225.61,225.59,223.61,223.24,223.51,225.0
2016-08-15,225.59,223.61,223.24,223.51,225.0,222.93
2016-08-16,223.61,223.24,223.51,225.0,222.93,224.84
2016-08-17,223.24,223.51,225.0,222.93,224.84,222.62
2016-08-18,223.51,225.0,222.93,224.84,222.62,220.96
2016-08-19,225.0,222.93,224.84,222.62,220.96,219.99
2016-08-22,222.93,224.84,222.62,220.96,219.99,215.2
2016-08-23,224.84,222.62,220.96,219.99,215.2,211.34
2016-08-24,222.62,220.96,219.99,215.2,211.34,212.01
2016-08-25,220.96,219.99,215.2,211.34,212.01,200.77
2016-08-26,219.99,215.2,211.34,212.01,200.77,197.78
2016-08-29,215.2,211.34,212.01,200.77,197.78,202.83
2016-08-30,211.34,212.01,200.77,197.78,202.83,201.71
2016-08-31,212.01,200.77,197.78,202.83,201.71,197.36
2016-09-01,200.77,197.78,202.83,201.71,197.36,194.47
2016-09-02,197.78,202.83,201.71,197.36,194.47,198.3
2016-09-06,202.83,201.71,197.36,194.47,198.3,196.05
2016-09-07,201.71,197.36,194.47,198.3,196.05,196.41
2016-09-08,197.36,194.47,198.3,196.05,196.41,200.42
2016-09-09,194.47,198.3,196.05,196.41,200.42,205.4
2016-09-12,198.3,196.05,196.41,200.42,205.4,206.34
2016-09-13,196.05,196.41,200.42,205.4,206.34,204.64
2016-09-14,196.41,200.42,205.4,206.34,204.64,205.22
2016-09-15,200.42,205.4,206.34,204.64,205.22,206.43
2016-09-16,205.4,206.34,204.64,205.22,206.43,207.45
2016-09-19,206.34,204.64,205.22,206.43,207.45,208.99
2016-09-20,204.64,205.22,206.43,207.45,208.99,205.81
2016-09-21,205.22,206.43,207.45,208.99,205.81,206.27
2016-09-22,206.43,207.45,208.99,205.81,206.27,200.7
2016-09-23,207.45,208.99,205.81,206.27,200.7,204.03
2016-09-26,208.99,205.81,206.27,200.7,204.03,213.7
2016-09-27,205.81,206.27,200.7,204.03,213.7,211.41
2016-09-28,206.27,200.7,204.03,213.7,211.41,208.46
2016-09-29,200.7,204.03,213.7,211.41,208.46,201.0
2016-09-30,204.03,213.7,211.41,208.46,201.0,196.61
2016-10-03,213.7,211.41,208.46,201.0,196.61,200.95
2016-10-04,211.41,208.46,201.0,196.61,200.95,200.1
2016-10-05,208.46,201.0,196.61,200.95,200.1,201.51
2016-10-06,201.0,196.61,200.95,200.1,201.51,200.24
2016-10-07,196.61,200.95,200.1,201.51,200.24,196.51
2016-10-10,200.95,200.1,201.51,200.24,196.51,193.96
2016-10-11,200.1,201.51,200.24,196.51,193.96,199.1
2016-10-12,201.51,200.24,196.51,193.96,199.1,203.56
2016-10-13,200.24,196.51,193.96,199.1,203.56,199.1
2016-10-14,196.51,193.96,199.1,203.56,199.1,200.09
2016-10-17,193.96,199.1,203.56,199.1,200.09,202.76
2016-10-18,199.1,203.56,199.1,200.09,202.76,202.34
2016-10-19,203.56,199.1,200.09,202.76,202.34,202.24
2016-10-20,199.1,200.09,202.76,202.34,202.24,204.01
2016-10-21,200.09,202.76,202.34,202.24,204.01,199.97
2016-10-24,202.76,202.34,202.24,204.01,199.97,197.73
2016-10-25,202.34,202.24,204.01,199.97,197.73,190.79
2016-10-26,202.24,204.01,199.97,197.73,190.79,188.02
2016-10-27,204.01,199.97,197.73,190.79,188.02,187.42
2016-10-28,199.97,197.73,190.79,188.02,187.42,190.56
2016-10-31,197.73,190.79,188.02,187.42,190.56,193.21
2016-11-01,190.79,188.02,187.42,190.56,193.21,194.94
2016-11-02,188.02,187.42,190.56,193.21,194.94,190.06
2016-11-03,187.42,190.56,193.21,194.94,190.06,185.35
2016-11-04,190.56,193.21,194.94,190.06,185.35,188.56
2016-11-07,193.21,194.94,190.06,185.35,188.56,181.45
2016-11-08,194.94,190.06,185.35,188.56,181.45,183.77
2016-11-09,190.06,185.35,188.56,181.45,183.77,183.93
2016-11-10,185.35,188.56,181.45,183.77,183.93,188.66
2016-11-11,188.56,181.45,183.77,183.93,188.66,185.02
2016-11-14,181.45,183.77,183.93,188.66,185.02,184.52
2016-11-15,183.77,183.93,188.66,185.02,184.52,191.17
2016-11-16,183.93,188.66,185.02,184.52,191.17,193.14
2016-11-17,188.66,185.02,184.52,191.17,193.14,196.65
2016-11-18,185.02,184.52,191.17,193.14,196.65,196.12
2016-11-21,184.52,191.17,193.14,196.65,196.12,189.57
2016-11-22,191.17,193.14,196.65,196.12,189.57,189.4
2016-11-23,193.14,196.65,196.12,189.57,189.4,181.88
2016-11-25,196.65,196.12,189.57,189.4,181.88,181.47
2016-11-28,196.12,189.57,189.4,181.88,181.47,186.8
2016-11-29,189.57,189.4,181.88,181.47,186.8,185.85
2016-11-30,189.4,181.88,181.47,186.8,185.85,193.15
2016-12-01,181.88,181.47,186.8,185.85,193.15,192.29
2016-12-02,181.47,186.8,185.85,193.15,192.29,192.18
2016-12-05,186.8,185.85,193.15,192.29,192.18,192.43
2016-12-06,185.85,193.15,192.29,192.18,192.43,198.15
2016-12-07,193.15,192.29,192.18,192.43,198.15,198.69
2016-12-08,192.29,192.18,192.43,198.15,198.69,197.58
2016-12-09,192.18,192.43,198.15,198.69,197.58,202.49
2016-12-12,192.43,198.15,198.69,197.58,202.49,202.73
2016-12-13,198.15,198.69,197.58,202.49,202.73,208.79
2016-12-14,198.69,197.58,202.49,202.73,208.79,207.7
2016-12-15,197.58,202.49,202.73,208.79,207.7,208.45
2016-12-16,202.49,202.73,208.79,207.7,208.45,213.34
2016-12-19,202.73,208.79,207.7,208.45,213.34,219.53
2016-12-20,208.79,207.7,208.45,213.34,219.53,219.74
2016-12-21,207.7,208.45,213.34,219.53,219.74,214.68
2016-12-22,208.45,213.34,219.53,219.74,214.68,213.69
2016-12-23,213.34,219.53,219.74,214.68,213.69,216.99
2016-12-27,219.53,219.74,214.68,213.69,216.99,226.99
2016-12-28,219.74,214.68,213.69,216.99,226.99,226.75
2016-12-29,214.68,213.69,216.99,226.99,226.75,229.01
2016-12-30,213.69,216.99,226.99,226.75,229.01,231.28
2017-01-03,216.99,226.99,226.75,229.01,231.28,229.87
2017-01-04,226.99,226.75,229.01,231.28,229.87,229.73
2017-01-05,226.75,229.01,231.28,229.87,229.73,229.59
2017-01-06,229.01,231.28,229.87,229.73,229.59,237.75
2017-01-09,231.28,229.87,229.73,229.59,237.75,235.58
2017-01-10,229.87,229.73,229.59,237.75,235.58,238.36
2017-01-11,229.73,229.59,237.75,235.58,238.36,243.76
2017-01-12,229.59,237.75,235.58,238.36,243.76,244.73
2017-01-13,237.75,235.58,238.36,243.76,244.73,248.92
2017-01-17,235.58,238.36,243.76,244.73,248.92,254.61
2017-01-18,238.36,243.76,244.73,248.92,254.61,254.47
2017-01-19,243.76,244.73,248.92,254.61,254.47,252.51
2017-01-20,244.73,248.92,254.61,254.47,252.51,252.95
2017-01-23,248.92,254.61,254.47,252.51,252.95,250.63
2017-01-24,254.61,254.47,252.51,252.95,250.63,251.93
2017-01-25,254.47,252.51,252.95,250.63,251.93,249.24
2017-01-26,252.51,252.95,250.63,251.93,249.24,251.55
2017-01-27,252.95,250.63,251.93,249.24,251.55,251.33
2017-01-30,250.63,251.93,249.24,251.55,251.33,257.77
2017-01-31,251.93,249.24,251.55,251.33,257.77,257.48
2017-02-01,249.24,251.55,251.33,257.77,257.48,262.08
2017-02-02,251.55,251.33,257.77,257.48,262.08,269.2
2017-02-03,251.33,257.77,257.48,262.08,269.2,269.23
2017-02-06,257.77,257.48,262.08,269.2,269.23,280.6
2017-02-07,257.48,262.08,269.2,269.23,280.6,280.98
2017-02-08,262.08,269.2,269.23,280.6,280.98,279.76
2017-02-09,269.2,269.23,280.6,280.98,279.76,268.95
2017-02-10,269.23,280.6,280.98,279.76,268.95,272.23
2017-02-13,280.6,280.98,279.76,268.95,272.23,277.39
2017-02-14,280.98,279.76,268.95,272.23,277.39,273.51
2017-02-15,279.76,268.95,272.23,277.39,273.51,255.99
2017-02-16,268.95,272.23,277.39,273.51,255.99,257.0
2017-02-17,272.23,277.39,273.51,255.99,257.0,246.23
2017-02-21,277.39,273.51,255.99,257.0,246.23,249.99
2017-02-22,273.51,255.99,257.0,246.23,249.99,250.02
2017-02-23,255.99,257.0,246.23,249.99,250.02,250.48
2017-02-24,257.0,246.23,249.99,250.02,250.48,251.57
2017-02-27,246.23,249.99,250.02,250.48,251.57,251.21
2017-02-28,249.99,250.02,250.48,251.57,251.21,248.59
2017-03-01,250.02,250.48,251.57,251.21,248.59,246.87
2017-03-02,250.48,251.57,251.21,248.59,246.87,244.9
2017-03-03,251.57,251.21,248.59,246.87,244.9,243.69
2017-03-06,251.21,248.59,246.87,244.9,243.69,246.17
2017-03-07,248.59,246.87,244.9,243.69,246.17,258.0
2017-03-08,246.87,244.9,243.69,246.17,258.0,255.73
2017-03-09,244.9,243.69,246.17,258.0,255.73,262.05
2017-03-10,243.69,246.17,258.0,255.73,262.05,261.5
2017-03-13,246.17,258.0,255.73,262.05,261.5,261.92
2017-03-14,258.0,255.73,262.05,261.5,261.92,250.68
2017-03-15,255.73,262.05,261.5,261.92,250.68,255.01
2017-03-16,262.05,261.5,261.92,250.68,255.01,254.78
2017-03-17,261.5,261.92,250.68,255.01,254.78,263.16
2017-03-20,261.92,250.68,255.01,254.78,263.16,270.22
2017-03-21,250.68,255.01,254.78,263.16,270.22,277.45
2017-03-22,255.01,254.78,263.16,270.22,277.45,277.38
2017-03-23,254.78,263.16,270.22,277.45,277.38,277.92
2017-03-24,263.16,270.22,277.45,277.38,277.92,278.3
2017-03-27,270.22,277.45,277.38,277.92,278.3,298.52
2017-03-28,277.45,277.38,277.92,278.3,298.52,303.7
2017-03-29,277.38,277.92,278.3,298.52,303.7,295.0
2017-03-30,277.92,278.3,298.52,303.7,295.0,298.7
2017-03-31,278.3,298.52,303.7,295.0,298.7,302.54
2017-04-03,298.52,303.7,295.0,298.7,302.54,312.39
2017-04-04,303.7,295.0,298.7,302.54,312.39,308.71
2017-04-05,295.0,298.7,302.54,312.39,308.71,296.84
2017-04-06,298.7,302.54,312.39,308.71,296.84,304.0
2017-04-07,302.54,312.39,308.71,296.84,304.0,301.44
2017-04-10,312.39,308.71,296.84,304.0,301.44,300.25
2017-04-11,308.71,296.84,304.0,301.44,300.25,305.52
2017-04-12,296.84,304.0,301.44,300.25,305.52,302.51
2017-04-13,304.0,301.44,300.25,305.52,302.51,305.6
2017-04-17,301.44,300.25,305.52,302.51,305.6,308.03
2017-04-18,300.25,305.52,302.51,305.6,308.03,313.79
2017-04-19,305.52,302.51,305.6,308.03,313.79,310.17
2017-04-20,302.51,305.6,308.03,313.79,310.17,308.605
2017-04-21,305.6,308.03,313.79,310.17,308.605,314.0025
2017-04-24,308.03,313.79,310.17,308.605,314.0025,322.83
2017-04-25,313.79,310.17,308.605,314.0025,322.83,318.89
2017-04-26,310.17,308.605,314.0025,322.83,318.89,310.765
2017-04-27,308.605,314.0025,322.83,318.89,310.765,295.46
2017-04-28,314.0025,322.83,318.89,310.765,295.46,308.35
2017-05-01,322.83,318.89,310.765,295.46,308.35,307.0
2017-05-02,318.89,310.765,295.46,308.35,307.0,321.3592
2017-05-03,310.765,295.46,308.35,307.0,321.3592,325.22
2017-05-04,295.46,308.35,307.0,321.3592,325.22,323.1
2017-05-05,308.35,307.0,321.3592,325.22,323.1,324.81
2017-05-08,307.0,321.3592,325.22,323.1,324.81,315.88
2017-05-09,321.3592,325.22,323.1,324.81,315.88,317.01
2017-05-10,325.22,323.1,324.81,315.88,317.01,306.11
2017-05-11,323.1,324.81,315.88,317.01,306.11,313.06
2017-05-12,324.81,315.88,317.01,306.11,313.06,310.83
2017-05-15,315.88,317.01,306.11,313.06,310.83,310.35
2017-05-16,317.01,306.11,313.06,310.83,310.35,303.86
2017-05-17,306.11,313.06,310.83,310.35,303.86,310.22
2017-05-18,313.06,310.83,310.35,303.86,310.22,316.83
2017-05-19,310.83,310.35,303.86,310.22,316.83,325.14
2017-05-22,310.35,303.86,310.22,316.83,325.14,335.1
2017-05-23,303.86,310.22,316.83,325.14,335.1,341.01
2017-05-24,310.22,316.83,325.14,335.1,341.01,340.37
2017-05-25,316.83,325.14,335.1,341.01,340.37,339.85
2017-05-26,325.14,335.1,341.01,340.37,339.85,347.32
2017-05-30,335.1,341.01,340.37,339.85,347.32,352.85
2017-05-31,341.01,340.37,339.85,347.32,352.85,359.65
2017-06-01,340.37,339.85,347.32,352.85,359.65,370.0
2017-06-02,339.85,347.32,352.85,359.65,370.0,357.32
2017-06-05,347.32,352.85,359.65,370.0,357.32,359.01
2017-06-06,352.85,359.65,370.0,357.32,359.01,375.95
2017-06-07,359.65,370.0,357.32,359.01,375.95,380.66
2017-06-08,370.0,357.32,359.01,375.95,380.66,375.34
2017-06-09,357.32,359.01,375.95,380.66,375.34,371.4
2017-06-12,359.01,375.95,380.66,375.34,371.4,369.8
2017-06-13,375.95,380.66,375.34,371.4,369.8,372.24
2017-06-14,380.66,375.34,371.4,369.8,372.24,376.4
2017-06-15,375.34,371.4,369.8,372.24,376.4,382.61
2017-06-16,371.4,369.8,372.24,376.4,382.61,383.45
2017-06-19,369.8,372.24,376.4,382.61,383.45,377.49
2017-06-20,372.24,376.4,382.61,383.45,377.49,362.37
2017-06-21,376.4,382.61,383.45,377.49,362.37,371.24
2017-06-22,382.61,383.45,377.49,362.37,371.24,360.75
2017-06-23,383.45,377.49,362.37,371.24,360.75,361.61
2017-06-26,377.49,362.37,371.24,360.75,361.61,352.62
2017-06-27,362.37,371.24,360.75,361.61,352.62,327.09
2017-06-28,371.24,360.75,361.61,352.62,327.09,308.89
2017-06-29,360.75,361.61,352.62,327.09,308.89,313.22
2017-06-30,361.61,352.62,327.09,308.89,313.22,316.05
2017-07-03,352.62,327.09,308.89,313.22,316.05,327.22
2017-07-05,327.09,308.89,313.22,316.05,327.22,329.52
2017-07-06,308.89,313.22,316.05,327.22,329.52,323.41
2017-07-07,313.22,316.05,327.22,329.52,323.41,327.78
2017-07-10,316.05,327.22,329.52,323.41,327.78,319.57
2017-07-11,327.22,329.52,323.41,327.78,319.57,328.24
2017-07-12,329.52,323.41,327.78,319.57,328.24,325.26
2017-07-13,323.41,327.78,319.57,328.24,325.26,329.92
2017-07-14,327.78,319.57,328.24,325.26,329.92,328.4
2017-07-17,319.57,328.24,325.26,329.92,328.4,342.52
2017-07-18,328.24,325.26,329.92,328.4,342.52,339.6
2017-07-19,325.26,329.92,328.4,342.52,339.6,343.85
2017-07-20,329.92,328.4,342.52,339.6,343.85,334.46
2017-07-21,328.4,342.52,339.6,343.85,334.46,335.07
2017-07-24,342.52,339.6,343.85,334.46,335.07,323.47
2017-07-25,339.6,343.85,334.46,335.07,323.47,319.57
2017-07-26,343.85,334.46,335.07,323.47,319.57,325.89
2017-07-27,334.46,335.07,323.47,319.57,325.89,347.09
2017-07-28,335.07,323.47,319.57,325.89,347.09,356.91
2017-07-31,323.47,319.57,325.89,347.09,356.91,355.17
2017-08-01,319.57,325.89,347.09,356.91,355.17,365.22
2017-08-02,325.89,347.09,356.91,355.17,365.22,363.525
2017-08-03,347.09,356.91,355.17,365.22,363.525,355.13
2017-08-04,356.91,355.17,365.22,363.525,355.13,357.715
2017-08-07,355.17,365.22,363.525,355.13,357.715,363.8
2017-08-08,365.22,363.525,355.13,357.715,363.8,362.33
2017-08-09,363.525,355.13,357.715,363.8,362.33,362.91
2017-08-10,355.13,357.715,363.8,362.33,362.91,351.92
2017-08-11,357.715,363.8,362.33,362.91,351.92,347.46
2017-08-14,363.8,362.33,362.91,351.92,347.46,337.86
2017-08-15,362.33,362.91,351.92,347.46,337.86,341.35
2017-08-16,362.91,351.92,347.46,337.86,341.35,352.77
2017-08-17,351.92,347.46,337.86,341.35,352.77,352.93
2017-08-18,347.46,337.86,341.35,352.77,352.93,348.05
2017-08-21,337.86,341.35,352.77,352.93,348.05,345.66
2017-08-22,341.35,352.77,352.93,348.05,345.66,347.36
2017-08-23,352.77,352.93,348.05,345.66,347.36,353.18
2017-08-24,352.93,348.05,345.66,347.36,353.18,355.9
2017-08-25,348.05,345.66,347.36,353.18,355.9,355.4
2017-08-28,345.66,347.36,353.18,355.9,355.4,349.59
2017-08-29,347.36,353.18,355.9,355.4,349.59,344.53
2017-08-30,353.18,355.9,355.4,349.59,344.53,350.61
2017-08-31,355.9,355.4,349.59,344.53,350.61,343.4
2017-09-01,355.4,349.59,344.53,350.61,343.4,363.69
2017-09-05,349.59,344.53,350.61,343.4,363.69,362.75
2017-09-06,344.53,350.61,343.4,363.69,362.75,366.23
2017-09-07,350.61,343.4,363.69,362.75,366.23,377.64
2017-09-08,343.4,363.69,362.75,366.23,377.64,379.81
2017-09-11,363.69,362.75,366.23,377.64,379.81,385.0
2017-09-12,362.75,366.23,377.64,379.81,385.0,375.1
2017-09-13,366.23,377.64,379.81,385.0,375.1,373.91
2017-09-14,377.64,379.81,385.0,375.1,373.91,366.48
2017-09-15,379.81,385.0,375.1,373.91,366.48,351.09
2017-09-18,385.0,375.1,373.91,366.48,351.09,344.99
2017-09-19,375.1,373.91,366.48,351.09,344.99,345.25
2017-09-20,373.91,366.48,351.09,344.99,345.25,340.97
2017-09-21,366.48,351.09,344.99,345.25,340.97,339.6
2017-09-22,351.09,344.99,345.25,340.97,339.6,341.1
2017-09-25,344.99,345.25,340.97,339.6,341.1,341.53
2017-09-26,345.25,340.97,339.6,341.1,341.53,348.14
2017-09-27,340.97,339.6,341.1,341.53,348.14,355.01
2017-09-28,339.6,341.1,341.53,348.14,355.01,355.33
2017-09-29,341.1,341.53,348.14,355.01,355.33,356.88
2017-10-02,341.53,348.14,355.01,355.33,356.88,342.94
2017-10-03,348.14,355.01,355.33,356.88,342.94,355.59
2017-10-04,355.01,355.33,356.88,342.94,355.59,354.6
2017-10-05,355.33,356.88,342.94,355.59,354.6,355.68
2017-10-06,356.88,342.94,355.59,354.6,355.68,355.57
2017-10-09,342.94,355.59,354.6,355.68,355.57,350.6
2017-10-10,355.59,354.6,355.68,355.57,350.6,355.75
2017-10-11,354.6,355.68,355.57,350.6,355.75,359.65
2017-10-12,355.68,355.57,350.6,355.75,359.65,351.81
2017-10-13,355.57,350.6,355.75,359.65,351.81,345.1
2017-10-16,350.6,355.75,359.65,351.81,345.1,337.02
2017-10-17,355.75,359.65,351.81,345.1,337.02,337.34
2017-10-18,359.65,351.81,345.1,337.02,337.34,325.84
2017-10-19,351.81,345.1,337.02,337.34,325.84,326.17
2017-10-20,345.1,337.02,337.34,325.84,326.17,320.87
2017-10-23,337.02,337.34,325.84,326.17,320.87,320.08
2017-10-24,337.34,325.84,326.17,320.87,320.08,331.53
2017-10-25,325.84,326.17,320.87,320.08,331.53,321.08
2017-10-26,326.17,320.87,320.08,331.53,321.08,299.26
2017-10-27,320.87,320.08,331.53,321.08,299.26,306.09
2017-10-30,320.08,331.53,321.08,299.26,306.09,302.78
2017-10-31,331.53,321.08,299.26,306.09,302.78,306.05
2017-11-01,321.08,299.26,306.09,302.78,306.05,302.99
2017-11-02,299.26,306.09,302.78,306.05,302.99,302.99
2017-11-03,306.09,302.78,306.05,302.99,302.99,315.4
2017-11-06,302.78,306.05,302.99,302.99,315.4,308.7
2017-11-07,306.05,302.99,302.99,315.4,308.7,311.3
2017-11-09,302.99,302.99,315.4,308.7,311.3,312.5
2017-11-10,302.99,315.4,308.7,311.3,312.5,315.05
2017-11-13,315.4,308.7,311.3,312.5,315.05,308.74
2017-11-14,308.7,311.3,312.5,315.05,308.74,317.81
2017-11-15,311.3,312.5,315.05,308.74,317.81,312.6
2017-11-16,312.5,315.05,308.74,317.81,312.6,315.55
2017-11-17,315.05,308.74,317.81,312.6,315.55,316.81
2017-11-20,308.74,317.81,312.6,315.55,316.81,317.55
2017-11-21,317.81,312.6,315.55,316.81,317.55,307.54
2017-11-22,312.6,315.55,316.81,317.55,307.54,308.85
2017-11-24,315.55,316.81,317.55,307.54,308.85,306.53
2017-11-27,316.81,317.55,307.54,308.85,306.53,305.2
2017-11-28,317.55,307.54,308.85,306.53,305.2,303.7
2017-11-29,307.54,308.85,306.53,305.2,303.7,313.26
2017-11-30,308.85,306.53,305.2,303.7,313.26,311.24
2017-12-01,306.53,305.2,303.7,313.26,311.24,315.13
2017-12-04,305.2,303.7,313.26,311.24,315.13,328.91
2017-12-05,303.7,313.26,311.24,315.13,328.91,341.03
2017-12-06,313.26,311.24,315.13,328.91,341.03,339.03
2017-12-07,311.24,315.13,328.91,341.03,339.03,337.89
2017-12-08,315.13,328.91,341.03,339.03,337.89,343.45
2017-12-11,328.91,341.03,339.03,337.89,343.45,338.87
2017-12-12,341.03,339.03,337.89,343.45,338.87,331.1
2017-12-13,339.03,337.89,343.45,338.87,331.1,328.98
2017-12-14,337.89,343.45,338.87,331.1,328.98,331.66
2017-12-15,343.45,338.87,331.1,328.98,331.66,325.2
2017-12-18,338.87,331.1,328.98,331.66,325.2,317.29
2017-12-19,331.1,328.98,331.66,325.2,317.29,311.64
2017-12-20,328.98,331.66,325.2,317.29,311.64,315.36
2017-12-21,331.66,325.2,317.29,311.64,315.36,311.35
2017-12-22,325.2,317.29,311.64,315.36,311.35,320.53
2017-12-26,317.29,311.64,315.36,311.35,320.53,317.25
2017-12-27,311.64,315.36,311.35,320.53,317.25,314.62
2017-12-28,315.36,311.35,320.53,317.25,314.62,316.58
2017-12-29,311.35,320.53,317.25,314.62,316.58,336.41
2018-01-02,320.53,317.25,314.62,316.58,336.41,333.69
2018-01-03,317.25,314.62,316.58,336.41,333.69,334.8
2018-01-04,314.62,316.58,336.41,333.69,334.8,337.95
2018-01-05,316.58,336.41,333.69,334.8,337.95,336.22
2018-01-08,336.41,333.69,334.8,337.95,336.22,340.06
2018-01-09,333.69,334.8,337.95,336.22,340.06,347.16
2018-01-10,334.8,337.95,336.22,340.06,347.16,344.57
2018-01-11,337.95,336.22,340.06,347.16,344.57,350.02
2018-01-12,336.22,340.06,347.16,344.57,350.02,351.56
2018-01-16,340.06,347.16,344.57,350.02,351.56,352.79
2018-01-17,347.16,344.57,350.02,351.56,352.79,345.7404
2018-01-18,344.57,350.02,351.56,352.79,345.7404,337.64
2018-01-19,350.02,351.56,352.79,345.7404,337.64,342.85
2018-01-22,351.56,352.79,345.7404,337.64,342.85,349.53
2018-01-23,352.79,345.7404,337.64,342.85,349.53,345.82
2018-01-24,345.7404,337.64,342.85,349.53,345.82,354.42
2018-01-25,337.64,342.85,349.53,345.82,354.42,349.25
2018-01-26,342.85,349.53,345.82,354.42,349.25,343.79
2018-01-29,349.53,345.82,354.42,349.25,343.79,333.7
2018-01-30,345.82,354.42,349.25,343.79,333.7,333.63
2018-01-31,354.42,349.25,343.79,333.7,333.63,345.0
2018-02-01,349.25,343.79,333.7,333.63,345.0,315.36
2018-02-02,343.79,333.7,333.63,345.0,315.36,310.11
2018-02-05,333.7,333.63,345.0,315.36,310.11,315.73
2018-02-06,333.63,345.0,315.36,310.11,315.73,323.66
2018-02-07,345.0,315.36,310.11,315.73,323.66,322.31
2018-02-08,315.36,310.11,315.73,323.66,322.31,334.065
2018-02-09,310.11,315.73,323.66,322.31,334.065,335.49
2018-02-12,315.73,323.66,322.31,334.065,335.49,334.77
2018-02-13,323.66,322.31,334.065,335.49,334.77,333.3
2018-02-14,322.31,334.065,335.49,334.77,333.3,346.17
2018-02-15,334.065,335.49,334.77,333.3,346.17,352.05
2018-02-16,335.49,334.77,333.3,346.17,352.05,357.42
2018-02-20,334.77,333.3,346.17,352.05,357.42,350.99
2018-02-21,333.3,346.17,352.05,357.42,350.99,343.06
2018-02-22,346.17,352.05,357.42,350.99,343.06,330.93
2018-02-23,352.05,357.42,350.99,343.06,330.93,335.12
2018-02-26,357.42,350.99,343.06,330.93,335.12,333.35
2018-02-27,350.99,343.06,330.93,335.12,333.35,328.2
2018-02-28,343.06,330.93,335.12,333.35,328.2,332.3
2018-03-01,330.93,335.12,333.35,328.2,332.3,329.1
2018-03-02,335.12,333.35,328.2,332.3,329.1,327.17
2018-03-05,333.35,328.2,332.3,329.1,327.17,345.51
2018-03-06,328.2,332.3,329.1,327.17,345.51,341.84
2018-03-07,332.3,329.1,327.17,345.51,341.84,326.63
2018-03-08,329.1,327.17,345.51,341.84,326.63,325.6
2018-03-09,327.17,345.51,341.84,326.63,325.6,321.35
2018-03-12,345.51,341.84,326.63,325.6,321.35,313.56
2018-03-13,341.84,326.63,325.6,321.35,313.56,310.55
2018-03-14,326.63,325.6,321.35,313.56,310.55,316.53
2018-03-15,325.6,321.35,313.56,310.55,316.53,309.1
2018-03-16,321.35,313.56,310.55,316.53,309.1,301.54
2018-03-19,313.56,310.55,316.53,309.1,301.54,304.18
2018-03-20,310.55,316.53,309.1,301.54,304.18,279.18
2018-03-21,316.53,309.1,301.54,304.18,279.18,
2018-03-22,309.1,301.54,304.18,279.18,,
2018-03-23,301.54,304.18,279.18,,,
2018-03-26,304.18,279.18,,,,
2018-03-27,279.18,,,,,
